F_val_m,mu_m,sh_val,repeat_num,t_f
0.8,0.01,0,1,24
0.8,0.01,0,2,12
0.8,0.01,0,3,21
0.8,0.01,0,4,26
0.8,0.01,0,5,27
0.8,0.01,0,6,25
0.8,0.01,0,7,27
0.8,0.01,0,8,35
0.8,0.01,0,9,27
0.8,0.01,0,10,14
0.8,0.01,0,11,24
0.8,0.01,0,12,26
0.8,0.01,0,13,22
0.8,0.01,0,14,25
0.8,0.01,0,15,31
0.8,0.01,0,16,18
0.8,0.01,0,17,33
0.8,0.01,0,18,14
0.8,0.01,0,19,21
0.8,0.01,0,20,35
0.8,0.01,0,21,30
0.8,0.01,0,22,25
0.8,0.01,0,23,49
0.8,0.01,0,24,33
0.8,0.01,0,25,28
0.8,0.02,0,1,21
0.8,0.02,0,2,34
0.8,0.02,0,3,57
0.8,0.02,0,4,29
0.8,0.02,0,5,28
0.8,0.02,0,6,34
0.8,0.02,0,7,31
0.8,0.02,0,8,27
0.8,0.02,0,9,25
0.8,0.02,0,10,18
0.8,0.02,0,11,19
0.8,0.02,0,12,24
0.8,0.02,0,13,36
0.8,0.02,0,14,24
0.8,0.02,0,15,18
0.8,0.02,0,16,42
0.8,0.02,0,17,31
0.8,0.02,0,18,19
0.8,0.02,0,19,38
0.8,0.02,0,20,26
0.8,0.02,0,21,36
0.8,0.02,0,22,36
0.8,0.02,0,23,24
0.8,0.02,0,24,18
0.8,0.02,0,25,25
0.8,0.03,0,1,19
0.8,0.03,0,2,54
0.8,0.03,0,3,10
0.8,0.03,0,4,29
0.8,0.03,0,5,31
0.8,0.03,0,6,22
0.8,0.03,0,7,22
0.8,0.03,0,8,22
0.8,0.03,0,9,34
0.8,0.03,0,10,23
0.8,0.03,0,11,26
0.8,0.03,0,12,23
0.8,0.03,0,13,30
0.8,0.03,0,14,19
0.8,0.03,0,15,25
0.8,0.03,0,16,25
0.8,0.03,0,17,23
0.8,0.03,0,18,51
0.8,0.03,0,19,26
0.8,0.03,0,20,15
0.8,0.03,0,21,15
0.8,0.03,0,22,10
0.8,0.03,0,23,51
0.8,0.03,0,24,26
0.8,0.03,0,25,37
0.8,0.04,0,1,16
0.8,0.04,0,2,20
0.8,0.04,0,3,24
0.8,0.04,0,4,29
0.8,0.04,0,5,20
0.8,0.04,0,6,20
0.8,0.04,0,7,12
0.8,0.04,0,8,25
0.8,0.04,0,9,22
0.8,0.04,0,10,23
0.8,0.04,0,11,24
0.8,0.04,0,12,22
0.8,0.04,0,13,12
0.8,0.04,0,14,16
0.8,0.04,0,15,21
0.8,0.04,0,16,43
0.8,0.04,0,17,18
0.8,0.04,0,18,27
0.8,0.04,0,19,17
0.8,0.04,0,20,27
0.8,0.04,0,21,51
0.8,0.04,0,22,17
0.8,0.04,0,23,24
0.8,0.04,0,24,33
0.8,0.04,0,25,20
0.8,0.05,0,1,27
0.8,0.05,0,2,18
0.8,0.05,0,3,32
0.8,0.05,0,4,29
0.8,0.05,0,5,34
0.8,0.05,0,6,33
0.8,0.05,0,7,12
0.8,0.05,0,8,22
0.8,0.05,0,9,32
0.8,0.05,0,10,24
0.8,0.05,0,11,23
0.8,0.05,0,12,33
0.8,0.05,0,13,28
0.8,0.05,0,14,12
0.8,0.05,0,15,13
0.8,0.05,0,16,28
0.8,0.05,0,17,30
0.8,0.05,0,18,18
0.8,0.05,0,19,21
0.8,0.05,0,20,31
0.8,0.05,0,21,32
0.8,0.05,0,22,26
0.8,0.05,0,23,23
0.8,0.05,0,24,20
0.8,0.05,0,25,23
0.8,0.060000000000000005,0,1,28
0.8,0.060000000000000005,0,2,28
0.8,0.060000000000000005,0,3,33
0.8,0.060000000000000005,0,4,34
0.8,0.060000000000000005,0,5,24
0.8,0.060000000000000005,0,6,21
0.8,0.060000000000000005,0,7,21
0.8,0.060000000000000005,0,8,26
0.8,0.060000000000000005,0,9,20
0.8,0.060000000000000005,0,10,13
0.8,0.060000000000000005,0,11,31
0.8,0.060000000000000005,0,12,23
0.8,0.060000000000000005,0,13,26
0.8,0.060000000000000005,0,14,41
0.8,0.060000000000000005,0,15,17
0.8,0.060000000000000005,0,16,47
0.8,0.060000000000000005,0,17,20
0.8,0.060000000000000005,0,18,26
0.8,0.060000000000000005,0,19,24
0.8,0.060000000000000005,0,20,30
0.8,0.060000000000000005,0,21,33
0.8,0.060000000000000005,0,22,35
0.8,0.060000000000000005,0,23,19
0.8,0.060000000000000005,0,24,23
0.8,0.060000000000000005,0,25,22
0.8,0.06999999999999999,0,1,13
0.8,0.06999999999999999,0,2,18
0.8,0.06999999999999999,0,3,15
0.8,0.06999999999999999,0,4,23
0.8,0.06999999999999999,0,5,17
0.8,0.06999999999999999,0,6,33
0.8,0.06999999999999999,0,7,25
0.8,0.06999999999999999,0,8,27
0.8,0.06999999999999999,0,9,12
0.8,0.06999999999999999,0,10,13
0.8,0.06999999999999999,0,11,23
0.8,0.06999999999999999,0,12,31
0.8,0.06999999999999999,0,13,28
0.8,0.06999999999999999,0,14,14
0.8,0.06999999999999999,0,15,24
0.8,0.06999999999999999,0,16,17
0.8,0.06999999999999999,0,17,29
0.8,0.06999999999999999,0,18,28
0.8,0.06999999999999999,0,19,38
0.8,0.06999999999999999,0,20,14
0.8,0.06999999999999999,0,21,17
0.8,0.06999999999999999,0,22,19
0.8,0.06999999999999999,0,23,10
0.8,0.06999999999999999,0,24,27
0.8,0.06999999999999999,0,25,22
0.8,0.08,0,1,24
0.8,0.08,0,2,24
0.8,0.08,0,3,24
0.8,0.08,0,4,30
0.8,0.08,0,5,30
0.8,0.08,0,6,15
0.8,0.08,0,7,20
0.8,0.08,0,8,19
0.8,0.08,0,9,21
0.8,0.08,0,10,20
0.8,0.08,0,11,22
0.8,0.08,0,12,16
0.8,0.08,0,13,14
0.8,0.08,0,14,13
0.8,0.08,0,15,36
0.8,0.08,0,16,20
0.8,0.08,0,17,26
0.8,0.08,0,18,37
0.8,0.08,0,19,10
0.8,0.08,0,20,21
0.8,0.08,0,21,16
0.8,0.08,0,22,15
0.8,0.08,0,23,21
0.8,0.08,0,24,19
0.8,0.08,0,25,20
0.9,0.01,0,1,55
0.9,0.01,0,2,23
0.9,0.01,0,3,114
0.9,0.01,0,4,99
0.9,0.01,0,5,79
0.9,0.01,0,6,27
0.9,0.01,0,7,70
0.9,0.01,0,8,43
0.9,0.01,0,9,56
0.9,0.01,0,10,68
0.9,0.01,0,11,57
0.9,0.01,0,12,63
0.9,0.01,0,13,28
0.9,0.01,0,14,52
0.9,0.01,0,15,68
0.9,0.01,0,16,34
0.9,0.01,0,17,38
0.9,0.01,0,18,32
0.9,0.01,0,19,29
0.9,0.01,0,20,55
0.9,0.01,0,21,76
0.9,0.01,0,22,21
0.9,0.01,0,23,27
0.9,0.01,0,24,59
0.9,0.01,0,25,55
0.9,0.02,0,1,37
0.9,0.02,0,2,40
0.9,0.02,0,3,28
0.9,0.02,0,4,130
0.9,0.02,0,5,39
0.9,0.02,0,6,34
0.9,0.02,0,7,105
0.9,0.02,0,8,44
0.9,0.02,0,9,25
0.9,0.02,0,10,33
0.9,0.02,0,11,36
0.9,0.02,0,12,17
0.9,0.02,0,13,85
0.9,0.02,0,14,87
0.9,0.02,0,15,37
0.9,0.02,0,16,56
0.9,0.02,0,17,35
0.9,0.02,0,18,57
0.9,0.02,0,19,148
0.9,0.02,0,20,49
0.9,0.02,0,21,19
0.9,0.02,0,22,37
0.9,0.02,0,23,36
0.9,0.02,0,24,72
0.9,0.02,0,25,54
0.9,0.03,0,1,56
0.9,0.03,0,2,84
0.9,0.03,0,3,51
0.9,0.03,0,4,56
0.9,0.03,0,5,32
0.9,0.03,0,6,33
0.9,0.03,0,7,27
0.9,0.03,0,8,14
0.9,0.03,0,9,48
0.9,0.03,0,10,64
0.9,0.03,0,11,31
0.9,0.03,0,12,33
0.9,0.03,0,13,42
0.9,0.03,0,14,49
0.9,0.03,0,15,62
0.9,0.03,0,16,28
0.9,0.03,0,17,40
0.9,0.03,0,18,94
0.9,0.03,0,19,37
0.9,0.03,0,20,31
0.9,0.03,0,21,32
0.9,0.03,0,22,52
0.9,0.03,0,23,23
0.9,0.03,0,24,44
0.9,0.03,0,25,41
0.9,0.04,0,1,47
0.9,0.04,0,2,20
0.9,0.04,0,3,46
0.9,0.04,0,4,31
0.9,0.04,0,5,97
0.9,0.04,0,6,29
0.9,0.04,0,7,28
0.9,0.04,0,8,50
0.9,0.04,0,9,49
0.9,0.04,0,10,33
0.9,0.04,0,11,65
0.9,0.04,0,12,35
0.9,0.04,0,13,28
0.9,0.04,0,14,26
0.9,0.04,0,15,65
0.9,0.04,0,16,28
0.9,0.04,0,17,46
0.9,0.04,0,18,36
0.9,0.04,0,19,70
0.9,0.04,0,20,44
0.9,0.04,0,21,38
0.9,0.04,0,22,57
0.9,0.04,0,23,35
0.9,0.04,0,24,23
0.9,0.04,0,25,54
0.9,0.05,0,1,34
0.9,0.05,0,2,41
0.9,0.05,0,3,33
0.9,0.05,0,4,20
0.9,0.05,0,5,23
0.9,0.05,0,6,28
0.9,0.05,0,7,30
0.9,0.05,0,8,28
0.9,0.05,0,9,13
0.9,0.05,0,10,78
0.9,0.05,0,11,37
0.9,0.05,0,12,50
0.9,0.05,0,13,35
0.9,0.05,0,14,60
0.9,0.05,0,15,45
0.9,0.05,0,16,39
0.9,0.05,0,17,29
0.9,0.05,0,18,59
0.9,0.05,0,19,50
0.9,0.05,0,20,57
0.9,0.05,0,21,38
0.9,0.05,0,22,34
0.9,0.05,0,23,95
0.9,0.05,0,24,52
0.9,0.05,0,25,26
0.9,0.060000000000000005,0,1,25
0.9,0.060000000000000005,0,2,25
0.9,0.060000000000000005,0,3,39
0.9,0.060000000000000005,0,4,52
0.9,0.060000000000000005,0,5,25
0.9,0.060000000000000005,0,6,44
0.9,0.060000000000000005,0,7,31
0.9,0.060000000000000005,0,8,35
0.9,0.060000000000000005,0,9,41
0.9,0.060000000000000005,0,10,22
0.9,0.060000000000000005,0,11,83
0.9,0.060000000000000005,0,12,58
0.9,0.060000000000000005,0,13,17
0.9,0.060000000000000005,0,14,28
0.9,0.060000000000000005,0,15,32
0.9,0.060000000000000005,0,16,58
0.9,0.060000000000000005,0,17,23
0.9,0.060000000000000005,0,18,25
0.9,0.060000000000000005,0,19,50
0.9,0.060000000000000005,0,20,58
0.9,0.060000000000000005,0,21,79
0.9,0.060000000000000005,0,22,39
0.9,0.060000000000000005,0,23,88
0.9,0.060000000000000005,0,24,44
0.9,0.060000000000000005,0,25,22
0.9,0.06999999999999999,0,1,38
0.9,0.06999999999999999,0,2,40
0.9,0.06999999999999999,0,3,74
0.9,0.06999999999999999,0,4,37
0.9,0.06999999999999999,0,5,55
0.9,0.06999999999999999,0,6,17
0.9,0.06999999999999999,0,7,50
0.9,0.06999999999999999,0,8,53
0.9,0.06999999999999999,0,9,37
0.9,0.06999999999999999,0,10,26
0.9,0.06999999999999999,0,11,88
0.9,0.06999999999999999,0,12,48
0.9,0.06999999999999999,0,13,38
0.9,0.06999999999999999,0,14,61
0.9,0.06999999999999999,0,15,20
0.9,0.06999999999999999,0,16,46
0.9,0.06999999999999999,0,17,20
0.9,0.06999999999999999,0,18,36
0.9,0.06999999999999999,0,19,53
0.9,0.06999999999999999,0,20,26
0.9,0.06999999999999999,0,21,27
0.9,0.06999999999999999,0,22,23
0.9,0.06999999999999999,0,23,17
0.9,0.06999999999999999,0,24,26
0.9,0.06999999999999999,0,25,44
0.9,0.08,0,1,35
0.9,0.08,0,2,59
0.9,0.08,0,3,87
0.9,0.08,0,4,33
0.9,0.08,0,5,18
0.9,0.08,0,6,27
0.9,0.08,0,7,22
0.9,0.08,0,8,51
0.9,0.08,0,9,32
0.9,0.08,0,10,52
0.9,0.08,0,11,33
0.9,0.08,0,12,59
0.9,0.08,0,13,31
0.9,0.08,0,14,24
0.9,0.08,0,15,24
0.9,0.08,0,16,50
0.9,0.08,0,17,47
0.9,0.08,0,18,41
0.9,0.08,0,19,78
0.9,0.08,0,20,40
0.9,0.08,0,21,37
0.9,0.08,0,22,31
0.9,0.08,0,23,45
0.9,0.08,0,24,38
0.9,0.08,0,25,31
1,0.01,0,1,243
1,0.01,0,2,29
1,0.01,0,3,146
1,0.01,0,4,275
1,0.01,0,5,552
1,0.01,0,6,108
1,0.01,0,7,85
1,0.01,0,8,395
1,0.01,0,9,390
1,0.01,0,10,194
1,0.01,0,11,812
1,0.01,0,12,867
1,0.01,0,13,406
1,0.01,0,14,246
1,0.01,0,15,114
1,0.01,0,16,62
1,0.01,0,17,132
1,0.01,0,18,590
1,0.01,0,19,92
1,0.01,0,20,82
1,0.01,0,21,825
1,0.01,0,22,652
1,0.01,0,23,506
1,0.01,0,24,317
1,0.01,0,25,388
1,0.02,0,1,76
1,0.02,0,2,210
1,0.02,0,3,201
1,0.02,0,4,162
1,0.02,0,5,92
1,0.02,0,6,109
1,0.02,0,7,187
1,0.02,0,8,352
1,0.02,0,9,51
1,0.02,0,10,154
1,0.02,0,11,236
1,0.02,0,12,189
1,0.02,0,13,300
1,0.02,0,14,208
1,0.02,0,15,241
1,0.02,0,16,57
1,0.02,0,17,85
1,0.02,0,18,83
1,0.02,0,19,108
1,0.02,0,20,76
1,0.02,0,21,366
1,0.02,0,22,395
1,0.02,0,23,121
1,0.02,0,24,54
1,0.02,0,25,85
1,0.03,0,1,173
1,0.03,0,2,101
1,0.03,0,3,112
1,0.03,0,4,167
1,0.03,0,5,38
1,0.03,0,6,115
1,0.03,0,7,70
1,0.03,0,8,208
1,0.03,0,9,253
1,0.03,0,10,153
1,0.03,0,11,469
1,0.03,0,12,104
1,0.03,0,13,185
1,0.03,0,14,88
1,0.03,0,15,65
1,0.03,0,16,198
1,0.03,0,17,33
1,0.03,0,18,57
1,0.03,0,19,339
1,0.03,0,20,92
1,0.03,0,21,510
1,0.03,0,22,60
1,0.03,0,23,364
1,0.03,0,24,74
1,0.03,0,25,113
1,0.04,0,1,127
1,0.04,0,2,118
1,0.04,0,3,40
1,0.04,0,4,99
1,0.04,0,5,113
1,0.04,0,6,109
1,0.04,0,7,311
1,0.04,0,8,33
1,0.04,0,9,132
1,0.04,0,10,213
1,0.04,0,11,264
1,0.04,0,12,113
1,0.04,0,13,150
1,0.04,0,14,270
1,0.04,0,15,247
1,0.04,0,16,73
1,0.04,0,17,59
1,0.04,0,18,91
1,0.04,0,19,156
1,0.04,0,20,75
1,0.04,0,21,123
1,0.04,0,22,86
1,0.04,0,23,198
1,0.04,0,24,186
1,0.04,0,25,72
1,0.05,0,1,60
1,0.05,0,2,232
1,0.05,0,3,118
1,0.05,0,4,131
1,0.05,0,5,196
1,0.05,0,6,148
1,0.05,0,7,43
1,0.05,0,8,168
1,0.05,0,9,148
1,0.05,0,10,231
1,0.05,0,11,181
1,0.05,0,12,73
1,0.05,0,13,211
1,0.05,0,14,32
1,0.05,0,15,94
1,0.05,0,16,41
1,0.05,0,17,56
1,0.05,0,18,36
1,0.05,0,19,64
1,0.05,0,20,35
1,0.05,0,21,94
1,0.05,0,22,97
1,0.05,0,23,90
1,0.05,0,24,161
1,0.05,0,25,111
1,0.060000000000000005,0,1,35
1,0.060000000000000005,0,2,69
1,0.060000000000000005,0,3,202
1,0.060000000000000005,0,4,69
1,0.060000000000000005,0,5,79
1,0.060000000000000005,0,6,92
1,0.060000000000000005,0,7,98
1,0.060000000000000005,0,8,82
1,0.060000000000000005,0,9,32
1,0.060000000000000005,0,10,172
1,0.060000000000000005,0,11,43
1,0.060000000000000005,0,12,177
1,0.060000000000000005,0,13,187
1,0.060000000000000005,0,14,125
1,0.060000000000000005,0,15,167
1,0.060000000000000005,0,16,62
1,0.060000000000000005,0,17,122
1,0.060000000000000005,0,18,167
1,0.060000000000000005,0,19,125
1,0.060000000000000005,0,20,71
1,0.060000000000000005,0,21,76
1,0.060000000000000005,0,22,47
1,0.060000000000000005,0,23,133
1,0.060000000000000005,0,24,52
1,0.060000000000000005,0,25,68
1,0.06999999999999999,0,1,199
1,0.06999999999999999,0,2,138
1,0.06999999999999999,0,3,169
1,0.06999999999999999,0,4,71
1,0.06999999999999999,0,5,25
1,0.06999999999999999,0,6,50
1,0.06999999999999999,0,7,95
1,0.06999999999999999,0,8,142
1,0.06999999999999999,0,9,147
1,0.06999999999999999,0,10,41
1,0.06999999999999999,0,11,319
1,0.06999999999999999,0,12,38
1,0.06999999999999999,0,13,293
1,0.06999999999999999,0,14,146
1,0.06999999999999999,0,15,105
1,0.06999999999999999,0,16,213
1,0.06999999999999999,0,17,39
1,0.06999999999999999,0,18,79
1,0.06999999999999999,0,19,135
1,0.06999999999999999,0,20,90
1,0.06999999999999999,0,21,64
1,0.06999999999999999,0,22,23
1,0.06999999999999999,0,23,88
1,0.06999999999999999,0,24,165
1,0.06999999999999999,0,25,21
1,0.08,0,1,50
1,0.08,0,2,66
1,0.08,0,3,101
1,0.08,0,4,91
1,0.08,0,5,128
1,0.08,0,6,177
1,0.08,0,7,44
1,0.08,0,8,70
1,0.08,0,9,88
1,0.08,0,10,77
1,0.08,0,11,78
1,0.08,0,12,42
1,0.08,0,13,149
1,0.08,0,14,38
1,0.08,0,15,68
1,0.08,0,16,64
1,0.08,0,17,16
1,0.08,0,18,71
1,0.08,0,19,100
1,0.08,0,20,59
1,0.08,0,21,126
1,0.08,0,22,36
1,0.08,0,23,127
1,0.08,0,24,151
1,0.08,0,25,56
1.1,0.01,0,1,104962
1.1,0.01,0,2,48868
1.1,0.01,0,3,249623
1.1,0.01,0,4,72334
1.1,0.01,0,5,64603
1.1,0.01,0,6,15896
1.1,0.01,0,7,34618
1.1,0.01,0,8,267931
1.1,0.01,0,9,119479
1.1,0.01,0,10,92207
1.1,0.01,0,11,20939
1.1,0.01,0,12,77152
1.1,0.01,0,13,21267
1.1,0.01,0,14,52869
1.1,0.01,0,15,67613
1.1,0.01,0,16,46642
1.1,0.01,0,17,20434
1.1,0.01,0,18,13526
1.1,0.01,0,19,105974
1.1,0.01,0,20,119216
1.1,0.01,0,21,24704
1.1,0.01,0,22,157846
1.1,0.01,0,23,218986
1.1,0.01,0,24,334251
1.1,0.01,0,25,235185
1.1,0.02,0,1,1908
1.1,0.02,0,2,18592
1.1,0.02,0,3,10597
1.1,0.02,0,4,30647
1.1,0.02,0,5,100549
1.1,0.02,0,6,2156
1.1,0.02,0,7,31846
1.1,0.02,0,8,6739
1.1,0.02,0,9,106281
1.1,0.02,0,10,45197
1.1,0.02,0,11,18849
1.1,0.02,0,12,39889
1.1,0.02,0,13,98440
1.1,0.02,0,14,12397
1.1,0.02,0,15,37151
1.1,0.02,0,16,42016
1.1,0.02,0,17,24703
1.1,0.02,0,18,58252
1.1,0.02,0,19,8355
1.1,0.02,0,20,21518
1.1,0.02,0,21,33438
1.1,0.02,0,22,52651
1.1,0.02,0,23,126060
1.1,0.02,0,24,20616
1.1,0.02,0,25,195498
1.1,0.03,0,1,2731
1.1,0.03,0,2,6403
1.1,0.03,0,3,1505
1.1,0.03,0,4,3663
1.1,0.03,0,5,36949
1.1,0.03,0,6,5092
1.1,0.03,0,7,2384
1.1,0.03,0,8,21561
1.1,0.03,0,9,4675
1.1,0.03,0,10,2390
1.1,0.03,0,11,401
1.1,0.03,0,12,18608
1.1,0.03,0,13,20683
1.1,0.03,0,14,9907
1.1,0.03,0,15,5653
1.1,0.03,0,16,13813
1.1,0.03,0,17,890
1.1,0.03,0,18,25930
1.1,0.03,0,19,8384
1.1,0.03,0,20,2712
1.1,0.03,0,21,575
1.1,0.03,0,22,6979
1.1,0.03,0,23,12738
1.1,0.03,0,24,11482
1.1,0.03,0,25,7638
1.1,0.04,0,1,2280
1.1,0.04,0,2,11265
1.1,0.04,0,3,1754
1.1,0.04,0,4,10047
1.1,0.04,0,5,13213
1.1,0.04,0,6,9047
1.1,0.04,0,7,9566
1.1,0.04,0,8,724
1.1,0.04,0,9,2253
1.1,0.04,0,10,9910
1.1,0.04,0,11,10280
1.1,0.04,0,12,10319
1.1,0.04,0,13,206
1.1,0.04,0,14,17338
1.1,0.04,0,15,4961
1.1,0.04,0,16,1927
1.1,0.04,0,17,13813
1.1,0.04,0,18,768
1.1,0.04,0,19,8150
1.1,0.04,0,20,5775
1.1,0.04,0,21,10676
1.1,0.04,0,22,1825
1.1,0.04,0,23,3478
1.1,0.04,0,24,9312
1.1,0.04,0,25,1499
1.1,0.05,0,1,235
1.1,0.05,0,2,5263
1.1,0.05,0,3,2406
1.1,0.05,0,4,310
1.1,0.05,0,5,2731
1.1,0.05,0,6,3117
1.1,0.05,0,7,1785
1.1,0.05,0,8,8396
1.1,0.05,0,9,79
1.1,0.05,0,10,467
1.1,0.05,0,11,6892
1.1,0.05,0,12,1934
1.1,0.05,0,13,1048
1.1,0.05,0,14,2396
1.1,0.05,0,15,5061
1.1,0.05,0,16,233
1.1,0.05,0,17,2643
1.1,0.05,0,18,8855
1.1,0.05,0,19,4261
1.1,0.05,0,20,1816
1.1,0.05,0,21,1646
1.1,0.05,0,22,430
1.1,0.05,0,23,1598
1.1,0.05,0,24,5870
1.1,0.05,0,25,954
1.1,0.060000000000000005,0,1,3122
1.1,0.060000000000000005,0,2,670
1.1,0.060000000000000005,0,3,877
1.1,0.060000000000000005,0,4,2544
1.1,0.060000000000000005,0,5,1633
1.1,0.060000000000000005,0,6,363
1.1,0.060000000000000005,0,7,415
1.1,0.060000000000000005,0,8,1991
1.1,0.060000000000000005,0,9,2426
1.1,0.060000000000000005,0,10,1185
1.1,0.060000000000000005,0,11,126
1.1,0.060000000000000005,0,12,509
1.1,0.060000000000000005,0,13,2504
1.1,0.060000000000000005,0,14,5983
1.1,0.060000000000000005,0,15,4712
1.1,0.060000000000000005,0,16,1315
1.1,0.060000000000000005,0,17,3486
1.1,0.060000000000000005,0,18,8125
1.1,0.060000000000000005,0,19,378
1.1,0.060000000000000005,0,20,94
1.1,0.060000000000000005,0,21,895
1.1,0.060000000000000005,0,22,1591
1.1,0.060000000000000005,0,23,290
1.1,0.060000000000000005,0,24,2818
1.1,0.060000000000000005,0,25,329
1.1,0.06999999999999999,0,1,1035
1.1,0.06999999999999999,0,2,287
1.1,0.06999999999999999,0,3,1001
1.1,0.06999999999999999,0,4,680
1.1,0.06999999999999999,0,5,1029
1.1,0.06999999999999999,0,6,483
1.1,0.06999999999999999,0,7,378
1.1,0.06999999999999999,0,8,626
1.1,0.06999999999999999,0,9,299
1.1,0.06999999999999999,0,10,2568
1.1,0.06999999999999999,0,11,145
1.1,0.06999999999999999,0,12,682
1.1,0.06999999999999999,0,13,175
1.1,0.06999999999999999,0,14,969
1.1,0.06999999999999999,0,15,390
1.1,0.06999999999999999,0,16,221
1.1,0.06999999999999999,0,17,454
1.1,0.06999999999999999,0,18,515
1.1,0.06999999999999999,0,19,4052
1.1,0.06999999999999999,0,20,117
1.1,0.06999999999999999,0,21,1999
1.1,0.06999999999999999,0,22,1071
1.1,0.06999999999999999,0,23,1221
1.1,0.06999999999999999,0,24,797
1.1,0.06999999999999999,0,25,2692
1.1,0.08,0,1,1970
1.1,0.08,0,2,704
1.1,0.08,0,3,258
1.1,0.08,0,4,1698
1.1,0.08,0,5,827
1.1,0.08,0,6,2743
1.1,0.08,0,7,891
1.1,0.08,0,8,1032
1.1,0.08,0,9,1219
1.1,0.08,0,10,354
1.1,0.08,0,11,264
1.1,0.08,0,12,601
1.1,0.08,0,13,95
1.1,0.08,0,14,807
1.1,0.08,0,15,123
1.1,0.08,0,16,946
1.1,0.08,0,17,753
1.1,0.08,0,18,544
1.1,0.08,0,19,1462
1.1,0.08,0,20,1678
1.1,0.08,0,21,119
1.1,0.08,0,22,1758
1.1,0.08,0,23,95
1.1,0.08,0,24,1410
1.1,0.08,0,25,699
0.8,0.01,0.05,1,34
0.8,0.01,0.05,2,38
0.8,0.01,0.05,3,36
0.8,0.01,0.05,4,25
0.8,0.01,0.05,5,40
0.8,0.01,0.05,6,27
0.8,0.01,0.05,7,19
0.8,0.01,0.05,8,38
0.8,0.01,0.05,9,82
0.8,0.01,0.05,10,31
0.8,0.01,0.05,11,29
0.8,0.01,0.05,12,18
0.8,0.01,0.05,13,27
0.8,0.01,0.05,14,16
0.8,0.01,0.05,15,38
0.8,0.01,0.05,16,32
0.8,0.01,0.05,17,25
0.8,0.01,0.05,18,26
0.8,0.01,0.05,19,26
0.8,0.01,0.05,20,16
0.8,0.01,0.05,21,17
0.8,0.01,0.05,22,19
0.8,0.01,0.05,23,31
0.8,0.01,0.05,24,33
0.8,0.01,0.05,25,16
0.8,0.02,0.05,1,19
0.8,0.02,0.05,2,32
0.8,0.02,0.05,3,38
0.8,0.02,0.05,4,13
0.8,0.02,0.05,5,14
0.8,0.02,0.05,6,24
0.8,0.02,0.05,7,17
0.8,0.02,0.05,8,20
0.8,0.02,0.05,9,22
0.8,0.02,0.05,10,31
0.8,0.02,0.05,11,24
0.8,0.02,0.05,12,36
0.8,0.02,0.05,13,26
0.8,0.02,0.05,14,13
0.8,0.02,0.05,15,13
0.8,0.02,0.05,16,11
0.8,0.02,0.05,17,26
0.8,0.02,0.05,18,47
0.8,0.02,0.05,19,25
0.8,0.02,0.05,20,29
0.8,0.02,0.05,21,13
0.8,0.02,0.05,22,24
0.8,0.02,0.05,23,11
0.8,0.02,0.05,24,35
0.8,0.02,0.05,25,34
0.8,0.03,0.05,1,24
0.8,0.03,0.05,2,10
0.8,0.03,0.05,3,27
0.8,0.03,0.05,4,36
0.8,0.03,0.05,5,23
0.8,0.03,0.05,6,27
0.8,0.03,0.05,7,17
0.8,0.03,0.05,8,33
0.8,0.03,0.05,9,23
0.8,0.03,0.05,10,27
0.8,0.03,0.05,11,13
0.8,0.03,0.05,12,21
0.8,0.03,0.05,13,32
0.8,0.03,0.05,14,37
0.8,0.03,0.05,15,25
0.8,0.03,0.05,16,35
0.8,0.03,0.05,17,22
0.8,0.03,0.05,18,15
0.8,0.03,0.05,19,30
0.8,0.03,0.05,20,28
0.8,0.03,0.05,21,33
0.8,0.03,0.05,22,23
0.8,0.03,0.05,23,33
0.8,0.03,0.05,24,24
0.8,0.03,0.05,25,19
0.8,0.04,0.05,1,26
0.8,0.04,0.05,2,28
0.8,0.04,0.05,3,23
0.8,0.04,0.05,4,26
0.8,0.04,0.05,5,22
0.8,0.04,0.05,6,34
0.8,0.04,0.05,7,12
0.8,0.04,0.05,8,13
0.8,0.04,0.05,9,25
0.8,0.04,0.05,10,11
0.8,0.04,0.05,11,14
0.8,0.04,0.05,12,23
0.8,0.04,0.05,13,52
0.8,0.04,0.05,14,37
0.8,0.04,0.05,15,18
0.8,0.04,0.05,16,15
0.8,0.04,0.05,17,25
0.8,0.04,0.05,18,29
0.8,0.04,0.05,19,31
0.8,0.04,0.05,20,20
0.8,0.04,0.05,21,32
0.8,0.04,0.05,22,29
0.8,0.04,0.05,23,23
0.8,0.04,0.05,24,13
0.8,0.04,0.05,25,16
0.8,0.05,0.05,1,17
0.8,0.05,0.05,2,25
0.8,0.05,0.05,3,38
0.8,0.05,0.05,4,15
0.8,0.05,0.05,5,56
0.8,0.05,0.05,6,30
0.8,0.05,0.05,7,25
0.8,0.05,0.05,8,15
0.8,0.05,0.05,9,41
0.8,0.05,0.05,10,18
0.8,0.05,0.05,11,29
0.8,0.05,0.05,12,23
0.8,0.05,0.05,13,18
0.8,0.05,0.05,14,35
0.8,0.05,0.05,15,35
0.8,0.05,0.05,16,31
0.8,0.05,0.05,17,35
0.8,0.05,0.05,18,33
0.8,0.05,0.05,19,32
0.8,0.05,0.05,20,28
0.8,0.05,0.05,21,21
0.8,0.05,0.05,22,28
0.8,0.05,0.05,23,32
0.8,0.05,0.05,24,38
0.8,0.05,0.05,25,44
0.8,0.060000000000000005,0.05,1,14
0.8,0.060000000000000005,0.05,2,18
0.8,0.060000000000000005,0.05,3,20
0.8,0.060000000000000005,0.05,4,23
0.8,0.060000000000000005,0.05,5,13
0.8,0.060000000000000005,0.05,6,38
0.8,0.060000000000000005,0.05,7,30
0.8,0.060000000000000005,0.05,8,16
0.8,0.060000000000000005,0.05,9,24
0.8,0.060000000000000005,0.05,10,23
0.8,0.060000000000000005,0.05,11,31
0.8,0.060000000000000005,0.05,12,31
0.8,0.060000000000000005,0.05,13,26
0.8,0.060000000000000005,0.05,14,18
0.8,0.060000000000000005,0.05,15,30
0.8,0.060000000000000005,0.05,16,21
0.8,0.060000000000000005,0.05,17,39
0.8,0.060000000000000005,0.05,18,34
0.8,0.060000000000000005,0.05,19,28
0.8,0.060000000000000005,0.05,20,36
0.8,0.060000000000000005,0.05,21,22
0.8,0.060000000000000005,0.05,22,20
0.8,0.060000000000000005,0.05,23,25
0.8,0.060000000000000005,0.05,24,17
0.8,0.060000000000000005,0.05,25,21
0.8,0.06999999999999999,0.05,1,20
0.8,0.06999999999999999,0.05,2,29
0.8,0.06999999999999999,0.05,3,38
0.8,0.06999999999999999,0.05,4,11
0.8,0.06999999999999999,0.05,5,26
0.8,0.06999999999999999,0.05,6,22
0.8,0.06999999999999999,0.05,7,25
0.8,0.06999999999999999,0.05,8,44
0.8,0.06999999999999999,0.05,9,15
0.8,0.06999999999999999,0.05,10,42
0.8,0.06999999999999999,0.05,11,22
0.8,0.06999999999999999,0.05,12,26
0.8,0.06999999999999999,0.05,13,32
0.8,0.06999999999999999,0.05,14,30
0.8,0.06999999999999999,0.05,15,17
0.8,0.06999999999999999,0.05,16,16
0.8,0.06999999999999999,0.05,17,46
0.8,0.06999999999999999,0.05,18,27
0.8,0.06999999999999999,0.05,19,24
0.8,0.06999999999999999,0.05,20,45
0.8,0.06999999999999999,0.05,21,30
0.8,0.06999999999999999,0.05,22,29
0.8,0.06999999999999999,0.05,23,32
0.8,0.06999999999999999,0.05,24,18
0.8,0.06999999999999999,0.05,25,22
0.8,0.08,0.05,1,12
0.8,0.08,0.05,2,43
0.8,0.08,0.05,3,25
0.8,0.08,0.05,4,34
0.8,0.08,0.05,5,20
0.8,0.08,0.05,6,24
0.8,0.08,0.05,7,23
0.8,0.08,0.05,8,27
0.8,0.08,0.05,9,23
0.8,0.08,0.05,10,42
0.8,0.08,0.05,11,18
0.8,0.08,0.05,12,26
0.8,0.08,0.05,13,17
0.8,0.08,0.05,14,17
0.8,0.08,0.05,15,22
0.8,0.08,0.05,16,30
0.8,0.08,0.05,17,25
0.8,0.08,0.05,18,22
0.8,0.08,0.05,19,22
0.8,0.08,0.05,20,29
0.8,0.08,0.05,21,10
0.8,0.08,0.05,22,16
0.8,0.08,0.05,23,30
0.8,0.08,0.05,24,11
0.8,0.08,0.05,25,20
0.9,0.01,0.05,1,43
0.9,0.01,0.05,2,52
0.9,0.01,0.05,3,123
0.9,0.01,0.05,4,106
0.9,0.01,0.05,5,42
0.9,0.01,0.05,6,20
0.9,0.01,0.05,7,63
0.9,0.01,0.05,8,47
0.9,0.01,0.05,9,70
0.9,0.01,0.05,10,39
0.9,0.01,0.05,11,27
0.9,0.01,0.05,12,59
0.9,0.01,0.05,13,32
0.9,0.01,0.05,14,40
0.9,0.01,0.05,15,25
0.9,0.01,0.05,16,41
0.9,0.01,0.05,17,105
0.9,0.01,0.05,18,28
0.9,0.01,0.05,19,36
0.9,0.01,0.05,20,70
0.9,0.01,0.05,21,51
0.9,0.01,0.05,22,94
0.9,0.01,0.05,23,31
0.9,0.01,0.05,24,37
0.9,0.01,0.05,25,57
0.9,0.02,0.05,1,34
0.9,0.02,0.05,2,24
0.9,0.02,0.05,3,35
0.9,0.02,0.05,4,41
0.9,0.02,0.05,5,153
0.9,0.02,0.05,6,80
0.9,0.02,0.05,7,45
0.9,0.02,0.05,8,26
0.9,0.02,0.05,9,68
0.9,0.02,0.05,10,36
0.9,0.02,0.05,11,36
0.9,0.02,0.05,12,64
0.9,0.02,0.05,13,56
0.9,0.02,0.05,14,62
0.9,0.02,0.05,15,117
0.9,0.02,0.05,16,59
0.9,0.02,0.05,17,74
0.9,0.02,0.05,18,57
0.9,0.02,0.05,19,68
0.9,0.02,0.05,20,16
0.9,0.02,0.05,21,30
0.9,0.02,0.05,22,33
0.9,0.02,0.05,23,25
0.9,0.02,0.05,24,116
0.9,0.02,0.05,25,23
0.9,0.03,0.05,1,62
0.9,0.03,0.05,2,26
0.9,0.03,0.05,3,95
0.9,0.03,0.05,4,39
0.9,0.03,0.05,5,68
0.9,0.03,0.05,6,65
0.9,0.03,0.05,7,39
0.9,0.03,0.05,8,48
0.9,0.03,0.05,9,19
0.9,0.03,0.05,10,71
0.9,0.03,0.05,11,57
0.9,0.03,0.05,12,78
0.9,0.03,0.05,13,57
0.9,0.03,0.05,14,64
0.9,0.03,0.05,15,45
0.9,0.03,0.05,16,56
0.9,0.03,0.05,17,45
0.9,0.03,0.05,18,63
0.9,0.03,0.05,19,84
0.9,0.03,0.05,20,51
0.9,0.03,0.05,21,40
0.9,0.03,0.05,22,59
0.9,0.03,0.05,23,41
0.9,0.03,0.05,24,16
0.9,0.03,0.05,25,54
0.9,0.04,0.05,1,27
0.9,0.04,0.05,2,65
0.9,0.04,0.05,3,35
0.9,0.04,0.05,4,84
0.9,0.04,0.05,5,37
0.9,0.04,0.05,6,65
0.9,0.04,0.05,7,54
0.9,0.04,0.05,8,53
0.9,0.04,0.05,9,68
0.9,0.04,0.05,10,82
0.9,0.04,0.05,11,43
0.9,0.04,0.05,12,34
0.9,0.04,0.05,13,51
0.9,0.04,0.05,14,26
0.9,0.04,0.05,15,28
0.9,0.04,0.05,16,95
0.9,0.04,0.05,17,33
0.9,0.04,0.05,18,90
0.9,0.04,0.05,19,43
0.9,0.04,0.05,20,33
0.9,0.04,0.05,21,60
0.9,0.04,0.05,22,50
0.9,0.04,0.05,23,21
0.9,0.04,0.05,24,37
0.9,0.04,0.05,25,42
0.9,0.05,0.05,1,29
0.9,0.05,0.05,2,37
0.9,0.05,0.05,3,44
0.9,0.05,0.05,4,30
0.9,0.05,0.05,5,29
0.9,0.05,0.05,6,27
0.9,0.05,0.05,7,48
0.9,0.05,0.05,8,45
0.9,0.05,0.05,9,55
0.9,0.05,0.05,10,49
0.9,0.05,0.05,11,37
0.9,0.05,0.05,12,53
0.9,0.05,0.05,13,30
0.9,0.05,0.05,14,34
0.9,0.05,0.05,15,83
0.9,0.05,0.05,16,42
0.9,0.05,0.05,17,52
0.9,0.05,0.05,18,40
0.9,0.05,0.05,19,19
0.9,0.05,0.05,20,31
0.9,0.05,0.05,21,19
0.9,0.05,0.05,22,21
0.9,0.05,0.05,23,24
0.9,0.05,0.05,24,86
0.9,0.05,0.05,25,44
0.9,0.060000000000000005,0.05,1,16
0.9,0.060000000000000005,0.05,2,31
0.9,0.060000000000000005,0.05,3,45
0.9,0.060000000000000005,0.05,4,32
0.9,0.060000000000000005,0.05,5,37
0.9,0.060000000000000005,0.05,6,41
0.9,0.060000000000000005,0.05,7,24
0.9,0.060000000000000005,0.05,8,29
0.9,0.060000000000000005,0.05,9,49
0.9,0.060000000000000005,0.05,10,44
0.9,0.060000000000000005,0.05,11,19
0.9,0.060000000000000005,0.05,12,21
0.9,0.060000000000000005,0.05,13,49
0.9,0.060000000000000005,0.05,14,47
0.9,0.060000000000000005,0.05,15,108
0.9,0.060000000000000005,0.05,16,36
0.9,0.060000000000000005,0.05,17,37
0.9,0.060000000000000005,0.05,18,65
0.9,0.060000000000000005,0.05,19,65
0.9,0.060000000000000005,0.05,20,45
0.9,0.060000000000000005,0.05,21,54
0.9,0.060000000000000005,0.05,22,54
0.9,0.060000000000000005,0.05,23,45
0.9,0.060000000000000005,0.05,24,30
0.9,0.060000000000000005,0.05,25,34
0.9,0.06999999999999999,0.05,1,13
0.9,0.06999999999999999,0.05,2,33
0.9,0.06999999999999999,0.05,3,33
0.9,0.06999999999999999,0.05,4,18
0.9,0.06999999999999999,0.05,5,24
0.9,0.06999999999999999,0.05,6,44
0.9,0.06999999999999999,0.05,7,44
0.9,0.06999999999999999,0.05,8,54
0.9,0.06999999999999999,0.05,9,45
0.9,0.06999999999999999,0.05,10,36
0.9,0.06999999999999999,0.05,11,25
0.9,0.06999999999999999,0.05,12,45
0.9,0.06999999999999999,0.05,13,48
0.9,0.06999999999999999,0.05,14,38
0.9,0.06999999999999999,0.05,15,29
0.9,0.06999999999999999,0.05,16,21
0.9,0.06999999999999999,0.05,17,20
0.9,0.06999999999999999,0.05,18,51
0.9,0.06999999999999999,0.05,19,20
0.9,0.06999999999999999,0.05,20,56
0.9,0.06999999999999999,0.05,21,23
0.9,0.06999999999999999,0.05,22,103
0.9,0.06999999999999999,0.05,23,46
0.9,0.06999999999999999,0.05,24,42
0.9,0.06999999999999999,0.05,25,48
0.9,0.08,0.05,1,35
0.9,0.08,0.05,2,15
0.9,0.08,0.05,3,74
0.9,0.08,0.05,4,20
0.9,0.08,0.05,5,13
0.9,0.08,0.05,6,38
0.9,0.08,0.05,7,26
0.9,0.08,0.05,8,42
0.9,0.08,0.05,9,22
0.9,0.08,0.05,10,69
0.9,0.08,0.05,11,34
0.9,0.08,0.05,12,34
0.9,0.08,0.05,13,73
0.9,0.08,0.05,14,20
0.9,0.08,0.05,15,27
0.9,0.08,0.05,16,35
0.9,0.08,0.05,17,35
0.9,0.08,0.05,18,27
0.9,0.08,0.05,19,39
0.9,0.08,0.05,20,27
0.9,0.08,0.05,21,45
0.9,0.08,0.05,22,24
0.9,0.08,0.05,23,40
0.9,0.08,0.05,24,17
0.9,0.08,0.05,25,43
1,0.01,0.05,1,127
1,0.01,0.05,2,1479
1,0.01,0.05,3,630
1,0.01,0.05,4,148
1,0.01,0.05,5,106
1,0.01,0.05,6,647
1,0.01,0.05,7,503
1,0.01,0.05,8,77
1,0.01,0.05,9,56
1,0.01,0.05,10,118
1,0.01,0.05,11,586
1,0.01,0.05,12,117
1,0.01,0.05,13,2130
1,0.01,0.05,14,40
1,0.01,0.05,15,775
1,0.01,0.05,16,48
1,0.01,0.05,17,1411
1,0.01,0.05,18,140
1,0.01,0.05,19,492
1,0.01,0.05,20,1523
1,0.01,0.05,21,846
1,0.01,0.05,22,1215
1,0.01,0.05,23,291
1,0.01,0.05,24,452
1,0.01,0.05,25,474
1,0.02,0.05,1,174
1,0.02,0.05,2,116
1,0.02,0.05,3,1469
1,0.02,0.05,4,95
1,0.02,0.05,5,303
1,0.02,0.05,6,245
1,0.02,0.05,7,576
1,0.02,0.05,8,50
1,0.02,0.05,9,524
1,0.02,0.05,10,261
1,0.02,0.05,11,362
1,0.02,0.05,12,120
1,0.02,0.05,13,650
1,0.02,0.05,14,115
1,0.02,0.05,15,507
1,0.02,0.05,16,298
1,0.02,0.05,17,149
1,0.02,0.05,18,240
1,0.02,0.05,19,187
1,0.02,0.05,20,201
1,0.02,0.05,21,486
1,0.02,0.05,22,367
1,0.02,0.05,23,1011
1,0.02,0.05,24,126
1,0.02,0.05,25,114
1,0.03,0.05,1,29
1,0.03,0.05,2,127
1,0.03,0.05,3,205
1,0.03,0.05,4,240
1,0.03,0.05,5,61
1,0.03,0.05,6,112
1,0.03,0.05,7,288
1,0.03,0.05,8,230
1,0.03,0.05,9,83
1,0.03,0.05,10,165
1,0.03,0.05,11,39
1,0.03,0.05,12,79
1,0.03,0.05,13,120
1,0.03,0.05,14,384
1,0.03,0.05,15,41
1,0.03,0.05,16,138
1,0.03,0.05,17,66
1,0.03,0.05,18,88
1,0.03,0.05,19,131
1,0.03,0.05,20,207
1,0.03,0.05,21,174
1,0.03,0.05,22,332
1,0.03,0.05,23,74
1,0.03,0.05,24,55
1,0.03,0.05,25,84
1,0.04,0.05,1,139
1,0.04,0.05,2,41
1,0.04,0.05,3,151
1,0.04,0.05,4,318
1,0.04,0.05,5,240
1,0.04,0.05,6,25
1,0.04,0.05,7,217
1,0.04,0.05,8,46
1,0.04,0.05,9,128
1,0.04,0.05,10,153
1,0.04,0.05,11,64
1,0.04,0.05,12,418
1,0.04,0.05,13,192
1,0.04,0.05,14,179
1,0.04,0.05,15,422
1,0.04,0.05,16,164
1,0.04,0.05,17,153
1,0.04,0.05,18,103
1,0.04,0.05,19,224
1,0.04,0.05,20,114
1,0.04,0.05,21,39
1,0.04,0.05,22,177
1,0.04,0.05,23,603
1,0.04,0.05,24,144
1,0.04,0.05,25,275
1,0.05,0.05,1,121
1,0.05,0.05,2,149
1,0.05,0.05,3,59
1,0.05,0.05,4,74
1,0.05,0.05,5,149
1,0.05,0.05,6,59
1,0.05,0.05,7,111
1,0.05,0.05,8,260
1,0.05,0.05,9,76
1,0.05,0.05,10,93
1,0.05,0.05,11,132
1,0.05,0.05,12,33
1,0.05,0.05,13,51
1,0.05,0.05,14,48
1,0.05,0.05,15,131
1,0.05,0.05,16,21
1,0.05,0.05,17,40
1,0.05,0.05,18,59
1,0.05,0.05,19,46
1,0.05,0.05,20,98
1,0.05,0.05,21,97
1,0.05,0.05,22,597
1,0.05,0.05,23,243
1,0.05,0.05,24,162
1,0.05,0.05,25,97
1,0.060000000000000005,0.05,1,67
1,0.060000000000000005,0.05,2,255
1,0.060000000000000005,0.05,3,190
1,0.060000000000000005,0.05,4,102
1,0.060000000000000005,0.05,5,166
1,0.060000000000000005,0.05,6,71
1,0.060000000000000005,0.05,7,50
1,0.060000000000000005,0.05,8,157
1,0.060000000000000005,0.05,9,144
1,0.060000000000000005,0.05,10,52
1,0.060000000000000005,0.05,11,47
1,0.060000000000000005,0.05,12,28
1,0.060000000000000005,0.05,13,43
1,0.060000000000000005,0.05,14,125
1,0.060000000000000005,0.05,15,205
1,0.060000000000000005,0.05,16,168
1,0.060000000000000005,0.05,17,52
1,0.060000000000000005,0.05,18,77
1,0.060000000000000005,0.05,19,31
1,0.060000000000000005,0.05,20,443
1,0.060000000000000005,0.05,21,120
1,0.060000000000000005,0.05,22,153
1,0.060000000000000005,0.05,23,128
1,0.060000000000000005,0.05,24,121
1,0.060000000000000005,0.05,25,108
1,0.06999999999999999,0.05,1,336
1,0.06999999999999999,0.05,2,114
1,0.06999999999999999,0.05,3,196
1,0.06999999999999999,0.05,4,534
1,0.06999999999999999,0.05,5,54
1,0.06999999999999999,0.05,6,62
1,0.06999999999999999,0.05,7,236
1,0.06999999999999999,0.05,8,46
1,0.06999999999999999,0.05,9,31
1,0.06999999999999999,0.05,10,103
1,0.06999999999999999,0.05,11,50
1,0.06999999999999999,0.05,12,70
1,0.06999999999999999,0.05,13,71
1,0.06999999999999999,0.05,14,116
1,0.06999999999999999,0.05,15,91
1,0.06999999999999999,0.05,16,55
1,0.06999999999999999,0.05,17,133
1,0.06999999999999999,0.05,18,101
1,0.06999999999999999,0.05,19,38
1,0.06999999999999999,0.05,20,114
1,0.06999999999999999,0.05,21,186
1,0.06999999999999999,0.05,22,216
1,0.06999999999999999,0.05,23,49
1,0.06999999999999999,0.05,24,84
1,0.06999999999999999,0.05,25,38
1,0.08,0.05,1,134
1,0.08,0.05,2,108
1,0.08,0.05,3,52
1,0.08,0.05,4,68
1,0.08,0.05,5,54
1,0.08,0.05,6,37
1,0.08,0.05,7,188
1,0.08,0.05,8,31
1,0.08,0.05,9,339
1,0.08,0.05,10,154
1,0.08,0.05,11,117
1,0.08,0.05,12,60
1,0.08,0.05,13,72
1,0.08,0.05,14,27
1,0.08,0.05,15,37
1,0.08,0.05,16,56
1,0.08,0.05,17,115
1,0.08,0.05,18,155
1,0.08,0.05,19,169
1,0.08,0.05,20,91
1,0.08,0.05,21,42
1,0.08,0.05,22,73
1,0.08,0.05,23,78
1,0.08,0.05,24,46
1,0.08,0.05,25,73
1.1,0.01,0.05,1,680656
1.1,0.01,0.05,2,232116
1.1,0.01,0.05,3,282012
1.1,0.01,0.05,4,621188
1.1,0.01,0.05,5,24249
1.1,0.01,0.05,6,537865
1.1,0.01,0.05,7,116241
1.1,0.01,0.05,8,1218991
1.1,0.01,0.05,9,862738
1.1,0.01,0.05,10,2736030
1.1,0.01,0.05,11,1248644
1.1,0.01,0.05,12,1133769
1.1,0.01,0.05,13,259168
1.1,0.01,0.05,14,386224
1.1,0.01,0.05,15,487443
1.1,0.01,0.05,16,665531
1.1,0.01,0.05,17,263083
1.1,0.01,0.05,18,686979
1.1,0.01,0.05,19,1570301
1.1,0.01,0.05,20,2679195
1.1,0.01,0.05,21,114380
1.1,0.01,0.05,22,1082380
1.1,0.01,0.05,23,361974
1.1,0.01,0.05,24,589948
1.1,0.01,0.05,25,30940
1.1,0.02,0.05,1,59345
1.1,0.02,0.05,2,28896
1.1,0.02,0.05,3,424376
1.1,0.02,0.05,4,424995
1.1,0.02,0.05,5,271293
1.1,0.02,0.05,6,21658
1.1,0.02,0.05,7,97403
1.1,0.02,0.05,8,198059
1.1,0.02,0.05,9,79182
1.1,0.02,0.05,10,341840
1.1,0.02,0.05,11,27463
1.1,0.02,0.05,12,60661
1.1,0.02,0.05,13,143410
1.1,0.02,0.05,14,123828
1.1,0.02,0.05,15,37184
1.1,0.02,0.05,16,337951
1.1,0.02,0.05,17,145922
1.1,0.02,0.05,18,31133
1.1,0.02,0.05,19,2989
1.1,0.02,0.05,20,125718
1.1,0.02,0.05,21,27909
1.1,0.02,0.05,22,35847
1.1,0.02,0.05,23,65163
1.1,0.02,0.05,24,112575
1.1,0.02,0.05,25,37083
1.1,0.03,0.05,1,23121
1.1,0.03,0.05,2,20125
1.1,0.03,0.05,3,30933
1.1,0.03,0.05,4,47890
1.1,0.03,0.05,5,28504
1.1,0.03,0.05,6,6800
1.1,0.03,0.05,7,4161
1.1,0.03,0.05,8,13343
1.1,0.03,0.05,9,22932
1.1,0.03,0.05,10,31833
1.1,0.03,0.05,11,7750
1.1,0.03,0.05,12,609
1.1,0.03,0.05,13,74326
1.1,0.03,0.05,14,141764
1.1,0.03,0.05,15,94855
1.1,0.03,0.05,16,77
1.1,0.03,0.05,17,23438
1.1,0.03,0.05,18,112768
1.1,0.03,0.05,19,34125
1.1,0.03,0.05,20,10640
1.1,0.03,0.05,21,51442
1.1,0.03,0.05,22,12259
1.1,0.03,0.05,23,28837
1.1,0.03,0.05,24,23234
1.1,0.03,0.05,25,16045
1.1,0.04,0.05,1,8094
1.1,0.04,0.05,2,7334
1.1,0.04,0.05,3,6372
1.1,0.04,0.05,4,38247
1.1,0.04,0.05,5,15191
1.1,0.04,0.05,6,6165
1.1,0.04,0.05,7,15312
1.1,0.04,0.05,8,11403
1.1,0.04,0.05,9,28370
1.1,0.04,0.05,10,35956
1.1,0.04,0.05,11,10448
1.1,0.04,0.05,12,25390
1.1,0.04,0.05,13,11577
1.1,0.04,0.05,14,48133
1.1,0.04,0.05,15,106614
1.1,0.04,0.05,16,18505
1.1,0.04,0.05,17,4216
1.1,0.04,0.05,18,71593
1.1,0.04,0.05,19,5404
1.1,0.04,0.05,20,12959
1.1,0.04,0.05,21,12623
1.1,0.04,0.05,22,9464
1.1,0.04,0.05,23,849
1.1,0.04,0.05,24,5782
1.1,0.04,0.05,25,29844
1.1,0.05,0.05,1,5175
1.1,0.05,0.05,2,10473
1.1,0.05,0.05,3,15087
1.1,0.05,0.05,4,7831
1.1,0.05,0.05,5,10642
1.1,0.05,0.05,6,2874
1.1,0.05,0.05,7,1094
1.1,0.05,0.05,8,1269
1.1,0.05,0.05,9,33389
1.1,0.05,0.05,10,27534
1.1,0.05,0.05,11,70
1.1,0.05,0.05,12,317
1.1,0.05,0.05,13,3973
1.1,0.05,0.05,14,17938
1.1,0.05,0.05,15,32512
1.1,0.05,0.05,16,10247
1.1,0.05,0.05,17,26381
1.1,0.05,0.05,18,2794
1.1,0.05,0.05,19,3494
1.1,0.05,0.05,20,2947
1.1,0.05,0.05,21,1813
1.1,0.05,0.05,22,847
1.1,0.05,0.05,23,29514
1.1,0.05,0.05,24,6181
1.1,0.05,0.05,25,30744
1.1,0.060000000000000005,0.05,1,5552
1.1,0.060000000000000005,0.05,2,8634
1.1,0.060000000000000005,0.05,3,9355
1.1,0.060000000000000005,0.05,4,5403
1.1,0.060000000000000005,0.05,5,9063
1.1,0.060000000000000005,0.05,6,1246
1.1,0.060000000000000005,0.05,7,1886
1.1,0.060000000000000005,0.05,8,4865
1.1,0.060000000000000005,0.05,9,2049
1.1,0.060000000000000005,0.05,10,829
1.1,0.060000000000000005,0.05,11,606
1.1,0.060000000000000005,0.05,12,529
1.1,0.060000000000000005,0.05,13,5232
1.1,0.060000000000000005,0.05,14,3823
1.1,0.060000000000000005,0.05,15,11389
1.1,0.060000000000000005,0.05,16,6292
1.1,0.060000000000000005,0.05,17,2078
1.1,0.060000000000000005,0.05,18,13767
1.1,0.060000000000000005,0.05,19,1732
1.1,0.060000000000000005,0.05,20,13292
1.1,0.060000000000000005,0.05,21,3572
1.1,0.060000000000000005,0.05,22,536
1.1,0.060000000000000005,0.05,23,5238
1.1,0.060000000000000005,0.05,24,2328
1.1,0.060000000000000005,0.05,25,573
1.1,0.06999999999999999,0.05,1,503
1.1,0.06999999999999999,0.05,2,7284
1.1,0.06999999999999999,0.05,3,749
1.1,0.06999999999999999,0.05,4,4913
1.1,0.06999999999999999,0.05,5,13580
1.1,0.06999999999999999,0.05,6,1829
1.1,0.06999999999999999,0.05,7,2484
1.1,0.06999999999999999,0.05,8,716
1.1,0.06999999999999999,0.05,9,4097
1.1,0.06999999999999999,0.05,10,270
1.1,0.06999999999999999,0.05,11,58
1.1,0.06999999999999999,0.05,12,325
1.1,0.06999999999999999,0.05,13,449
1.1,0.06999999999999999,0.05,14,986
1.1,0.06999999999999999,0.05,15,1596
1.1,0.06999999999999999,0.05,16,1591
1.1,0.06999999999999999,0.05,17,696
1.1,0.06999999999999999,0.05,18,3514
1.1,0.06999999999999999,0.05,19,445
1.1,0.06999999999999999,0.05,20,1437
1.1,0.06999999999999999,0.05,21,95
1.1,0.06999999999999999,0.05,22,4413
1.1,0.06999999999999999,0.05,23,2282
1.1,0.06999999999999999,0.05,24,577
1.1,0.06999999999999999,0.05,25,320
1.1,0.08,0.05,1,4405
1.1,0.08,0.05,2,754
1.1,0.08,0.05,3,1330
1.1,0.08,0.05,4,818
1.1,0.08,0.05,5,5485
1.1,0.08,0.05,6,1747
1.1,0.08,0.05,7,790
1.1,0.08,0.05,8,3600
1.1,0.08,0.05,9,413
1.1,0.08,0.05,10,976
1.1,0.08,0.05,11,4284
1.1,0.08,0.05,12,2477
1.1,0.08,0.05,13,477
1.1,0.08,0.05,14,967
1.1,0.08,0.05,15,18
1.1,0.08,0.05,16,773
1.1,0.08,0.05,17,4466
1.1,0.08,0.05,18,674
1.1,0.08,0.05,19,851
1.1,0.08,0.05,20,4514
1.1,0.08,0.05,21,220
1.1,0.08,0.05,22,2735
1.1,0.08,0.05,23,800
1.1,0.08,0.05,24,729
1.1,0.08,0.05,25,361
0.8,0.01,0.1,1,44
0.8,0.01,0.1,2,18
0.8,0.01,0.1,3,40
0.8,0.01,0.1,4,30
0.8,0.01,0.1,5,69
0.8,0.01,0.1,6,28
0.8,0.01,0.1,7,27
0.8,0.01,0.1,8,12
0.8,0.01,0.1,9,39
0.8,0.01,0.1,10,36
0.8,0.01,0.1,11,16
0.8,0.01,0.1,12,42
0.8,0.01,0.1,13,19
0.8,0.01,0.1,14,13
0.8,0.01,0.1,15,26
0.8,0.01,0.1,16,49
0.8,0.01,0.1,17,30
0.8,0.01,0.1,18,14
0.8,0.01,0.1,19,20
0.8,0.01,0.1,20,30
0.8,0.01,0.1,21,23
0.8,0.01,0.1,22,32
0.8,0.01,0.1,23,41
0.8,0.01,0.1,24,26
0.8,0.01,0.1,25,27
0.8,0.02,0.1,1,16
0.8,0.02,0.1,2,29
0.8,0.02,0.1,3,38
0.8,0.02,0.1,4,19
0.8,0.02,0.1,5,15
0.8,0.02,0.1,6,20
0.8,0.02,0.1,7,39
0.8,0.02,0.1,8,35
0.8,0.02,0.1,9,22
0.8,0.02,0.1,10,24
0.8,0.02,0.1,11,25
0.8,0.02,0.1,12,21
0.8,0.02,0.1,13,11
0.8,0.02,0.1,14,22
0.8,0.02,0.1,15,48
0.8,0.02,0.1,16,36
0.8,0.02,0.1,17,21
0.8,0.02,0.1,18,25
0.8,0.02,0.1,19,40
0.8,0.02,0.1,20,47
0.8,0.02,0.1,21,23
0.8,0.02,0.1,22,55
0.8,0.02,0.1,23,17
0.8,0.02,0.1,24,24
0.8,0.02,0.1,25,26
0.8,0.03,0.1,1,19
0.8,0.03,0.1,2,25
0.8,0.03,0.1,3,25
0.8,0.03,0.1,4,31
0.8,0.03,0.1,5,30
0.8,0.03,0.1,6,27
0.8,0.03,0.1,7,44
0.8,0.03,0.1,8,11
0.8,0.03,0.1,9,21
0.8,0.03,0.1,10,31
0.8,0.03,0.1,11,21
0.8,0.03,0.1,12,22
0.8,0.03,0.1,13,44
0.8,0.03,0.1,14,21
0.8,0.03,0.1,15,33
0.8,0.03,0.1,16,26
0.8,0.03,0.1,17,43
0.8,0.03,0.1,18,77
0.8,0.03,0.1,19,39
0.8,0.03,0.1,20,35
0.8,0.03,0.1,21,20
0.8,0.03,0.1,22,48
0.8,0.03,0.1,23,31
0.8,0.03,0.1,24,17
0.8,0.03,0.1,25,14
0.8,0.04,0.1,1,23
0.8,0.04,0.1,2,23
0.8,0.04,0.1,3,29
0.8,0.04,0.1,4,19
0.8,0.04,0.1,5,24
0.8,0.04,0.1,6,23
0.8,0.04,0.1,7,23
0.8,0.04,0.1,8,54
0.8,0.04,0.1,9,38
0.8,0.04,0.1,10,25
0.8,0.04,0.1,11,32
0.8,0.04,0.1,12,22
0.8,0.04,0.1,13,37
0.8,0.04,0.1,14,33
0.8,0.04,0.1,15,34
0.8,0.04,0.1,16,26
0.8,0.04,0.1,17,20
0.8,0.04,0.1,18,25
0.8,0.04,0.1,19,30
0.8,0.04,0.1,20,35
0.8,0.04,0.1,21,26
0.8,0.04,0.1,22,20
0.8,0.04,0.1,23,12
0.8,0.04,0.1,24,28
0.8,0.04,0.1,25,19
0.8,0.05,0.1,1,23
0.8,0.05,0.1,2,16
0.8,0.05,0.1,3,51
0.8,0.05,0.1,4,12
0.8,0.05,0.1,5,15
0.8,0.05,0.1,6,24
0.8,0.05,0.1,7,17
0.8,0.05,0.1,8,46
0.8,0.05,0.1,9,12
0.8,0.05,0.1,10,36
0.8,0.05,0.1,11,27
0.8,0.05,0.1,12,23
0.8,0.05,0.1,13,18
0.8,0.05,0.1,14,25
0.8,0.05,0.1,15,22
0.8,0.05,0.1,16,25
0.8,0.05,0.1,17,49
0.8,0.05,0.1,18,20
0.8,0.05,0.1,19,26
0.8,0.05,0.1,20,61
0.8,0.05,0.1,21,30
0.8,0.05,0.1,22,20
0.8,0.05,0.1,23,27
0.8,0.05,0.1,24,15
0.8,0.05,0.1,25,13
0.8,0.060000000000000005,0.1,1,36
0.8,0.060000000000000005,0.1,2,17
0.8,0.060000000000000005,0.1,3,41
0.8,0.060000000000000005,0.1,4,18
0.8,0.060000000000000005,0.1,5,25
0.8,0.060000000000000005,0.1,6,18
0.8,0.060000000000000005,0.1,7,24
0.8,0.060000000000000005,0.1,8,44
0.8,0.060000000000000005,0.1,9,21
0.8,0.060000000000000005,0.1,10,61
0.8,0.060000000000000005,0.1,11,16
0.8,0.060000000000000005,0.1,12,24
0.8,0.060000000000000005,0.1,13,19
0.8,0.060000000000000005,0.1,14,33
0.8,0.060000000000000005,0.1,15,18
0.8,0.060000000000000005,0.1,16,42
0.8,0.060000000000000005,0.1,17,28
0.8,0.060000000000000005,0.1,18,33
0.8,0.060000000000000005,0.1,19,32
0.8,0.060000000000000005,0.1,20,27
0.8,0.060000000000000005,0.1,21,33
0.8,0.060000000000000005,0.1,22,32
0.8,0.060000000000000005,0.1,23,26
0.8,0.060000000000000005,0.1,24,23
0.8,0.060000000000000005,0.1,25,21
0.8,0.06999999999999999,0.1,1,32
0.8,0.06999999999999999,0.1,2,26
0.8,0.06999999999999999,0.1,3,24
0.8,0.06999999999999999,0.1,4,30
0.8,0.06999999999999999,0.1,5,41
0.8,0.06999999999999999,0.1,6,37
0.8,0.06999999999999999,0.1,7,30
0.8,0.06999999999999999,0.1,8,15
0.8,0.06999999999999999,0.1,9,22
0.8,0.06999999999999999,0.1,10,25
0.8,0.06999999999999999,0.1,11,27
0.8,0.06999999999999999,0.1,12,29
0.8,0.06999999999999999,0.1,13,25
0.8,0.06999999999999999,0.1,14,19
0.8,0.06999999999999999,0.1,15,29
0.8,0.06999999999999999,0.1,16,18
0.8,0.06999999999999999,0.1,17,22
0.8,0.06999999999999999,0.1,18,35
0.8,0.06999999999999999,0.1,19,22
0.8,0.06999999999999999,0.1,20,22
0.8,0.06999999999999999,0.1,21,22
0.8,0.06999999999999999,0.1,22,18
0.8,0.06999999999999999,0.1,23,21
0.8,0.06999999999999999,0.1,24,28
0.8,0.06999999999999999,0.1,25,25
0.8,0.08,0.1,1,13
0.8,0.08,0.1,2,21
0.8,0.08,0.1,3,35
0.8,0.08,0.1,4,30
0.8,0.08,0.1,5,25
0.8,0.08,0.1,6,24
0.8,0.08,0.1,7,21
0.8,0.08,0.1,8,19
0.8,0.08,0.1,9,24
0.8,0.08,0.1,10,10
0.8,0.08,0.1,11,38
0.8,0.08,0.1,12,17
0.8,0.08,0.1,13,24
0.8,0.08,0.1,14,40
0.8,0.08,0.1,15,35
0.8,0.08,0.1,16,28
0.8,0.08,0.1,17,16
0.8,0.08,0.1,18,18
0.8,0.08,0.1,19,33
0.8,0.08,0.1,20,34
0.8,0.08,0.1,21,27
0.8,0.08,0.1,22,15
0.8,0.08,0.1,23,23
0.8,0.08,0.1,24,20
0.8,0.08,0.1,25,19
0.9,0.01,0.1,1,15
0.9,0.01,0.1,2,28
0.9,0.01,0.1,3,55
0.9,0.01,0.1,4,79
0.9,0.01,0.1,5,31
0.9,0.01,0.1,6,139
0.9,0.01,0.1,7,65
0.9,0.01,0.1,8,69
0.9,0.01,0.1,9,69
0.9,0.01,0.1,10,35
0.9,0.01,0.1,11,65
0.9,0.01,0.1,12,117
0.9,0.01,0.1,13,57
0.9,0.01,0.1,14,57
0.9,0.01,0.1,15,108
0.9,0.01,0.1,16,102
0.9,0.01,0.1,17,46
0.9,0.01,0.1,18,37
0.9,0.01,0.1,19,61
0.9,0.01,0.1,20,45
0.9,0.01,0.1,21,117
0.9,0.01,0.1,22,57
0.9,0.01,0.1,23,40
0.9,0.01,0.1,24,124
0.9,0.01,0.1,25,34
0.9,0.02,0.1,1,62
0.9,0.02,0.1,2,43
0.9,0.02,0.1,3,113
0.9,0.02,0.1,4,38
0.9,0.02,0.1,5,79
0.9,0.02,0.1,6,25
0.9,0.02,0.1,7,28
0.9,0.02,0.1,8,46
0.9,0.02,0.1,9,64
0.9,0.02,0.1,10,37
0.9,0.02,0.1,11,21
0.9,0.02,0.1,12,39
0.9,0.02,0.1,13,42
0.9,0.02,0.1,14,126
0.9,0.02,0.1,15,43
0.9,0.02,0.1,16,41
0.9,0.02,0.1,17,18
0.9,0.02,0.1,18,17
0.9,0.02,0.1,19,61
0.9,0.02,0.1,20,76
0.9,0.02,0.1,21,53
0.9,0.02,0.1,22,125
0.9,0.02,0.1,23,33
0.9,0.02,0.1,24,57
0.9,0.02,0.1,25,36
0.9,0.03,0.1,1,33
0.9,0.03,0.1,2,44
0.9,0.03,0.1,3,45
0.9,0.03,0.1,4,66
0.9,0.03,0.1,5,42
0.9,0.03,0.1,6,47
0.9,0.03,0.1,7,65
0.9,0.03,0.1,8,37
0.9,0.03,0.1,9,63
0.9,0.03,0.1,10,63
0.9,0.03,0.1,11,73
0.9,0.03,0.1,12,80
0.9,0.03,0.1,13,44
0.9,0.03,0.1,14,63
0.9,0.03,0.1,15,64
0.9,0.03,0.1,16,67
0.9,0.03,0.1,17,44
0.9,0.03,0.1,18,53
0.9,0.03,0.1,19,37
0.9,0.03,0.1,20,88
0.9,0.03,0.1,21,105
0.9,0.03,0.1,22,126
0.9,0.03,0.1,23,36
0.9,0.03,0.1,24,26
0.9,0.03,0.1,25,21
0.9,0.04,0.1,1,27
0.9,0.04,0.1,2,23
0.9,0.04,0.1,3,39
0.9,0.04,0.1,4,39
0.9,0.04,0.1,5,71
0.9,0.04,0.1,6,67
0.9,0.04,0.1,7,42
0.9,0.04,0.1,8,30
0.9,0.04,0.1,9,22
0.9,0.04,0.1,10,49
0.9,0.04,0.1,11,57
0.9,0.04,0.1,12,17
0.9,0.04,0.1,13,44
0.9,0.04,0.1,14,75
0.9,0.04,0.1,15,30
0.9,0.04,0.1,16,41
0.9,0.04,0.1,17,32
0.9,0.04,0.1,18,49
0.9,0.04,0.1,19,24
0.9,0.04,0.1,20,44
0.9,0.04,0.1,21,39
0.9,0.04,0.1,22,28
0.9,0.04,0.1,23,48
0.9,0.04,0.1,24,30
0.9,0.04,0.1,25,52
0.9,0.05,0.1,1,43
0.9,0.05,0.1,2,76
0.9,0.05,0.1,3,26
0.9,0.05,0.1,4,56
0.9,0.05,0.1,5,58
0.9,0.05,0.1,6,59
0.9,0.05,0.1,7,49
0.9,0.05,0.1,8,80
0.9,0.05,0.1,9,81
0.9,0.05,0.1,10,68
0.9,0.05,0.1,11,48
0.9,0.05,0.1,12,27
0.9,0.05,0.1,13,61
0.9,0.05,0.1,14,53
0.9,0.05,0.1,15,42
0.9,0.05,0.1,16,22
0.9,0.05,0.1,17,63
0.9,0.05,0.1,18,30
0.9,0.05,0.1,19,46
0.9,0.05,0.1,20,45
0.9,0.05,0.1,21,34
0.9,0.05,0.1,22,69
0.9,0.05,0.1,23,36
0.9,0.05,0.1,24,60
0.9,0.05,0.1,25,72
0.9,0.060000000000000005,0.1,1,26
0.9,0.060000000000000005,0.1,2,33
0.9,0.060000000000000005,0.1,3,73
0.9,0.060000000000000005,0.1,4,25
0.9,0.060000000000000005,0.1,5,35
0.9,0.060000000000000005,0.1,6,42
0.9,0.060000000000000005,0.1,7,44
0.9,0.060000000000000005,0.1,8,24
0.9,0.060000000000000005,0.1,9,27
0.9,0.060000000000000005,0.1,10,106
0.9,0.060000000000000005,0.1,11,38
0.9,0.060000000000000005,0.1,12,57
0.9,0.060000000000000005,0.1,13,39
0.9,0.060000000000000005,0.1,14,51
0.9,0.060000000000000005,0.1,15,43
0.9,0.060000000000000005,0.1,16,30
0.9,0.060000000000000005,0.1,17,10
0.9,0.060000000000000005,0.1,18,61
0.9,0.060000000000000005,0.1,19,40
0.9,0.060000000000000005,0.1,20,141
0.9,0.060000000000000005,0.1,21,16
0.9,0.060000000000000005,0.1,22,51
0.9,0.060000000000000005,0.1,23,37
0.9,0.060000000000000005,0.1,24,15
0.9,0.060000000000000005,0.1,25,26
0.9,0.06999999999999999,0.1,1,35
0.9,0.06999999999999999,0.1,2,10
0.9,0.06999999999999999,0.1,3,18
0.9,0.06999999999999999,0.1,4,19
0.9,0.06999999999999999,0.1,5,30
0.9,0.06999999999999999,0.1,6,22
0.9,0.06999999999999999,0.1,7,71
0.9,0.06999999999999999,0.1,8,37
0.9,0.06999999999999999,0.1,9,30
0.9,0.06999999999999999,0.1,10,20
0.9,0.06999999999999999,0.1,11,45
0.9,0.06999999999999999,0.1,12,39
0.9,0.06999999999999999,0.1,13,44
0.9,0.06999999999999999,0.1,14,46
0.9,0.06999999999999999,0.1,15,29
0.9,0.06999999999999999,0.1,16,98
0.9,0.06999999999999999,0.1,17,34
0.9,0.06999999999999999,0.1,18,80
0.9,0.06999999999999999,0.1,19,13
0.9,0.06999999999999999,0.1,20,26
0.9,0.06999999999999999,0.1,21,31
0.9,0.06999999999999999,0.1,22,46
0.9,0.06999999999999999,0.1,23,56
0.9,0.06999999999999999,0.1,24,34
0.9,0.06999999999999999,0.1,25,21
0.9,0.08,0.1,1,37
0.9,0.08,0.1,2,34
0.9,0.08,0.1,3,31
0.9,0.08,0.1,4,75
0.9,0.08,0.1,5,41
0.9,0.08,0.1,6,48
0.9,0.08,0.1,7,50
0.9,0.08,0.1,8,22
0.9,0.08,0.1,9,76
0.9,0.08,0.1,10,34
0.9,0.08,0.1,11,23
0.9,0.08,0.1,12,78
0.9,0.08,0.1,13,33
0.9,0.08,0.1,14,60
0.9,0.08,0.1,15,34
0.9,0.08,0.1,16,66
0.9,0.08,0.1,17,47
0.9,0.08,0.1,18,35
0.9,0.08,0.1,19,31
0.9,0.08,0.1,20,39
0.9,0.08,0.1,21,14
0.9,0.08,0.1,22,43
0.9,0.08,0.1,23,31
0.9,0.08,0.1,24,72
0.9,0.08,0.1,25,74
1,0.01,0.1,1,5468
1,0.01,0.1,2,539
1,0.01,0.1,3,923
1,0.01,0.1,4,512
1,0.01,0.1,5,1779
1,0.01,0.1,6,3049
1,0.01,0.1,7,730
1,0.01,0.1,8,554
1,0.01,0.1,9,1737
1,0.01,0.1,10,2058
1,0.01,0.1,11,978
1,0.01,0.1,12,1401
1,0.01,0.1,13,1538
1,0.01,0.1,14,483
1,0.01,0.1,15,149
1,0.01,0.1,16,749
1,0.01,0.1,17,1099
1,0.01,0.1,18,1725
1,0.01,0.1,19,10362
1,0.01,0.1,20,868
1,0.01,0.1,21,616
1,0.01,0.1,22,3740
1,0.01,0.1,23,1252
1,0.01,0.1,24,2231
1,0.01,0.1,25,88
1,0.02,0.1,1,955
1,0.02,0.1,2,687
1,0.02,0.1,3,102
1,0.02,0.1,4,214
1,0.02,0.1,5,148
1,0.02,0.1,6,1344
1,0.02,0.1,7,229
1,0.02,0.1,8,1313
1,0.02,0.1,9,370
1,0.02,0.1,10,1061
1,0.02,0.1,11,46
1,0.02,0.1,12,868
1,0.02,0.1,13,766
1,0.02,0.1,14,481
1,0.02,0.1,15,1921
1,0.02,0.1,16,388
1,0.02,0.1,17,603
1,0.02,0.1,18,588
1,0.02,0.1,19,263
1,0.02,0.1,20,606
1,0.02,0.1,21,564
1,0.02,0.1,22,341
1,0.02,0.1,23,822
1,0.02,0.1,24,295
1,0.02,0.1,25,137
1,0.03,0.1,1,585
1,0.03,0.1,2,181
1,0.03,0.1,3,946
1,0.03,0.1,4,140
1,0.03,0.1,5,904
1,0.03,0.1,6,887
1,0.03,0.1,7,218
1,0.03,0.1,8,158
1,0.03,0.1,9,90
1,0.03,0.1,10,255
1,0.03,0.1,11,425
1,0.03,0.1,12,104
1,0.03,0.1,13,698
1,0.03,0.1,14,1003
1,0.03,0.1,15,432
1,0.03,0.1,16,564
1,0.03,0.1,17,448
1,0.03,0.1,18,221
1,0.03,0.1,19,264
1,0.03,0.1,20,38
1,0.03,0.1,21,1312
1,0.03,0.1,22,70
1,0.03,0.1,23,44
1,0.03,0.1,24,126
1,0.03,0.1,25,219
1,0.04,0.1,1,396
1,0.04,0.1,2,51
1,0.04,0.1,3,21
1,0.04,0.1,4,115
1,0.04,0.1,5,110
1,0.04,0.1,6,106
1,0.04,0.1,7,80
1,0.04,0.1,8,67
1,0.04,0.1,9,46
1,0.04,0.1,10,550
1,0.04,0.1,11,340
1,0.04,0.1,12,47
1,0.04,0.1,13,288
1,0.04,0.1,14,702
1,0.04,0.1,15,35
1,0.04,0.1,16,122
1,0.04,0.1,17,73
1,0.04,0.1,18,1201
1,0.04,0.1,19,511
1,0.04,0.1,20,323
1,0.04,0.1,21,164
1,0.04,0.1,22,657
1,0.04,0.1,23,237
1,0.04,0.1,24,113
1,0.04,0.1,25,162
1,0.05,0.1,1,334
1,0.05,0.1,2,55
1,0.05,0.1,3,15
1,0.05,0.1,4,39
1,0.05,0.1,5,76
1,0.05,0.1,6,341
1,0.05,0.1,7,83
1,0.05,0.1,8,155
1,0.05,0.1,9,112
1,0.05,0.1,10,164
1,0.05,0.1,11,857
1,0.05,0.1,12,128
1,0.05,0.1,13,177
1,0.05,0.1,14,313
1,0.05,0.1,15,91
1,0.05,0.1,16,94
1,0.05,0.1,17,313
1,0.05,0.1,18,410
1,0.05,0.1,19,46
1,0.05,0.1,20,174
1,0.05,0.1,21,220
1,0.05,0.1,22,25
1,0.05,0.1,23,88
1,0.05,0.1,24,132
1,0.05,0.1,25,94
1,0.060000000000000005,0.1,1,385
1,0.060000000000000005,0.1,2,137
1,0.060000000000000005,0.1,3,568
1,0.060000000000000005,0.1,4,563
1,0.060000000000000005,0.1,5,346
1,0.060000000000000005,0.1,6,280
1,0.060000000000000005,0.1,7,148
1,0.060000000000000005,0.1,8,69
1,0.060000000000000005,0.1,9,101
1,0.060000000000000005,0.1,10,143
1,0.060000000000000005,0.1,11,92
1,0.060000000000000005,0.1,12,200
1,0.060000000000000005,0.1,13,115
1,0.060000000000000005,0.1,14,148
1,0.060000000000000005,0.1,15,115
1,0.060000000000000005,0.1,16,155
1,0.060000000000000005,0.1,17,64
1,0.060000000000000005,0.1,18,85
1,0.060000000000000005,0.1,19,49
1,0.060000000000000005,0.1,20,67
1,0.060000000000000005,0.1,21,89
1,0.060000000000000005,0.1,22,672
1,0.060000000000000005,0.1,23,44
1,0.060000000000000005,0.1,24,123
1,0.060000000000000005,0.1,25,140
1,0.06999999999999999,0.1,1,64
1,0.06999999999999999,0.1,2,78
1,0.06999999999999999,0.1,3,67
1,0.06999999999999999,0.1,4,324
1,0.06999999999999999,0.1,5,59
1,0.06999999999999999,0.1,6,153
1,0.06999999999999999,0.1,7,29
1,0.06999999999999999,0.1,8,229
1,0.06999999999999999,0.1,9,61
1,0.06999999999999999,0.1,10,167
1,0.06999999999999999,0.1,11,139
1,0.06999999999999999,0.1,12,52
1,0.06999999999999999,0.1,13,177
1,0.06999999999999999,0.1,14,186
1,0.06999999999999999,0.1,15,73
1,0.06999999999999999,0.1,16,40
1,0.06999999999999999,0.1,17,26
1,0.06999999999999999,0.1,18,53
1,0.06999999999999999,0.1,19,141
1,0.06999999999999999,0.1,20,42
1,0.06999999999999999,0.1,21,78
1,0.06999999999999999,0.1,22,186
1,0.06999999999999999,0.1,23,83
1,0.06999999999999999,0.1,24,261
1,0.06999999999999999,0.1,25,69
1,0.08,0.1,1,178
1,0.08,0.1,2,92
1,0.08,0.1,3,146
1,0.08,0.1,4,68
1,0.08,0.1,5,36
1,0.08,0.1,6,229
1,0.08,0.1,7,87
1,0.08,0.1,8,67
1,0.08,0.1,9,138
1,0.08,0.1,10,152
1,0.08,0.1,11,111
1,0.08,0.1,12,70
1,0.08,0.1,13,68
1,0.08,0.1,14,135
1,0.08,0.1,15,236
1,0.08,0.1,16,109
1,0.08,0.1,17,287
1,0.08,0.1,18,82
1,0.08,0.1,19,136
1,0.08,0.1,20,54
1,0.08,0.1,21,59
1,0.08,0.1,22,261
1,0.08,0.1,23,50
1,0.08,0.1,24,167
1,0.08,0.1,25,90
1.1,0.01,0.1,1,24558207
1.1,0.01,0.1,2,16560772
1.1,0.01,0.1,3,1089369
1.1,0.01,0.1,4,6082430
1.1,0.01,0.1,5,1790443
1.1,0.01,0.1,6,2200569
1.1,0.01,0.1,7,4980245
1.1,0.01,0.1,8,10218382
1.1,0.01,0.1,9,2025615
1.1,0.01,0.1,10,6534914
1.1,0.01,0.1,11,902899
1.1,0.01,0.1,12,8964118
1.1,0.01,0.1,13,19612528
1.1,0.01,0.1,14,2007588
1.1,0.01,0.1,15,5290169
1.1,0.01,0.1,16,7023636
1.1,0.01,0.1,17,10740363
1.1,0.01,0.1,18,2181563
1.1,0.01,0.1,19,3838921
1.1,0.01,0.1,20,5402266
1.1,0.01,0.1,21,5335599
1.1,0.01,0.1,22,41309216
1.1,0.01,0.1,23,5624225
1.1,0.01,0.1,24,9853787
1.1,0.01,0.1,25,5895307
1.1,0.02,0.1,1,685778
1.1,0.02,0.1,2,1025126
1.1,0.02,0.1,3,707331
1.1,0.02,0.1,4,440793
1.1,0.02,0.1,5,1087932
1.1,0.02,0.1,6,1446094
1.1,0.02,0.1,7,1349308
1.1,0.02,0.1,8,809506
1.1,0.02,0.1,9,2849303
1.1,0.02,0.1,10,1435345
1.1,0.02,0.1,11,663455
1.1,0.02,0.1,12,7756
1.1,0.02,0.1,13,99229
1.1,0.02,0.1,14,79150
1.1,0.02,0.1,15,444952
1.1,0.02,0.1,16,1025928
1.1,0.02,0.1,17,208179
1.1,0.02,0.1,18,642454
1.1,0.02,0.1,19,79003
1.1,0.02,0.1,20,245822
1.1,0.02,0.1,21,1644201
1.1,0.02,0.1,22,1157398
1.1,0.02,0.1,23,1990485
1.1,0.02,0.1,24,224166
1.1,0.02,0.1,25,21640
1.1,0.03,0.1,1,43421
1.1,0.03,0.1,2,154360
1.1,0.03,0.1,3,478128
1.1,0.03,0.1,4,72010
1.1,0.03,0.1,5,315935
1.1,0.03,0.1,6,904144
1.1,0.03,0.1,7,135094
1.1,0.03,0.1,8,5340
1.1,0.03,0.1,9,158159
1.1,0.03,0.1,10,98225
1.1,0.03,0.1,11,6735
1.1,0.03,0.1,12,375398
1.1,0.03,0.1,13,126214
1.1,0.03,0.1,14,286490
1.1,0.03,0.1,15,65201
1.1,0.03,0.1,16,117037
1.1,0.03,0.1,17,266159
1.1,0.03,0.1,18,620058
1.1,0.03,0.1,19,41118
1.1,0.03,0.1,20,96311
1.1,0.03,0.1,21,748512
1.1,0.03,0.1,22,883803
1.1,0.03,0.1,23,84592
1.1,0.03,0.1,24,263191
1.1,0.03,0.1,25,329796
1.1,0.04,0.1,1,8017
1.1,0.04,0.1,2,19552
1.1,0.04,0.1,3,14602
1.1,0.04,0.1,4,44523
1.1,0.04,0.1,5,34533
1.1,0.04,0.1,6,5698
1.1,0.04,0.1,7,106601
1.1,0.04,0.1,8,7565
1.1,0.04,0.1,9,14086
1.1,0.04,0.1,10,8333
1.1,0.04,0.1,11,40709
1.1,0.04,0.1,12,21068
1.1,0.04,0.1,13,17384
1.1,0.04,0.1,14,74770
1.1,0.04,0.1,15,1885
1.1,0.04,0.1,16,3803
1.1,0.04,0.1,17,260917
1.1,0.04,0.1,18,12707
1.1,0.04,0.1,19,79558
1.1,0.04,0.1,20,12695
1.1,0.04,0.1,21,17108
1.1,0.04,0.1,22,116942
1.1,0.04,0.1,23,9734
1.1,0.04,0.1,24,131054
1.1,0.04,0.1,25,21681
1.1,0.05,0.1,1,15741
1.1,0.05,0.1,2,17208
1.1,0.05,0.1,3,2027
1.1,0.05,0.1,4,15574
1.1,0.05,0.1,5,22900
1.1,0.05,0.1,6,13610
1.1,0.05,0.1,7,4757
1.1,0.05,0.1,8,1203
1.1,0.05,0.1,9,82267
1.1,0.05,0.1,10,4732
1.1,0.05,0.1,11,7928
1.1,0.05,0.1,12,3737
1.1,0.05,0.1,13,81663
1.1,0.05,0.1,14,2403
1.1,0.05,0.1,15,10311
1.1,0.05,0.1,16,19188
1.1,0.05,0.1,17,325
1.1,0.05,0.1,18,7304
1.1,0.05,0.1,19,21900
1.1,0.05,0.1,20,13004
1.1,0.05,0.1,21,11767
1.1,0.05,0.1,22,36578
1.1,0.05,0.1,23,9414
1.1,0.05,0.1,24,43271
1.1,0.05,0.1,25,40914
1.1,0.060000000000000005,0.1,1,4442
1.1,0.060000000000000005,0.1,2,14587
1.1,0.060000000000000005,0.1,3,17688
1.1,0.060000000000000005,0.1,4,11184
1.1,0.060000000000000005,0.1,5,2630
1.1,0.060000000000000005,0.1,6,20619
1.1,0.060000000000000005,0.1,7,12096
1.1,0.060000000000000005,0.1,8,2769
1.1,0.060000000000000005,0.1,9,11100
1.1,0.060000000000000005,0.1,10,3005
1.1,0.060000000000000005,0.1,11,7728
1.1,0.060000000000000005,0.1,12,8580
1.1,0.060000000000000005,0.1,13,4392
1.1,0.060000000000000005,0.1,14,5746
1.1,0.060000000000000005,0.1,15,7959
1.1,0.060000000000000005,0.1,16,16538
1.1,0.060000000000000005,0.1,17,27236
1.1,0.060000000000000005,0.1,18,1707
1.1,0.060000000000000005,0.1,19,4614
1.1,0.060000000000000005,0.1,20,14959
1.1,0.060000000000000005,0.1,21,23857
1.1,0.060000000000000005,0.1,22,36902
1.1,0.060000000000000005,0.1,23,10588
1.1,0.060000000000000005,0.1,24,14699
1.1,0.060000000000000005,0.1,25,24057
1.1,0.06999999999999999,0.1,1,1998
1.1,0.06999999999999999,0.1,2,1263
1.1,0.06999999999999999,0.1,3,933
1.1,0.06999999999999999,0.1,4,170
1.1,0.06999999999999999,0.1,5,690
1.1,0.06999999999999999,0.1,6,22401
1.1,0.06999999999999999,0.1,7,13891
1.1,0.06999999999999999,0.1,8,2864
1.1,0.06999999999999999,0.1,9,10349
1.1,0.06999999999999999,0.1,10,886
1.1,0.06999999999999999,0.1,11,1752
1.1,0.06999999999999999,0.1,12,1559
1.1,0.06999999999999999,0.1,13,4746
1.1,0.06999999999999999,0.1,14,1050
1.1,0.06999999999999999,0.1,15,1208
1.1,0.06999999999999999,0.1,16,16528
1.1,0.06999999999999999,0.1,17,2463
1.1,0.06999999999999999,0.1,18,730
1.1,0.06999999999999999,0.1,19,13081
1.1,0.06999999999999999,0.1,20,12831
1.1,0.06999999999999999,0.1,21,6801
1.1,0.06999999999999999,0.1,22,4756
1.1,0.06999999999999999,0.1,23,7744
1.1,0.06999999999999999,0.1,24,6564
1.1,0.06999999999999999,0.1,25,15197
1.1,0.08,0.1,1,7816
1.1,0.08,0.1,2,3479
1.1,0.08,0.1,3,5995
1.1,0.08,0.1,4,2502
1.1,0.08,0.1,5,299
1.1,0.08,0.1,6,3044
1.1,0.08,0.1,7,1022
1.1,0.08,0.1,8,907
1.1,0.08,0.1,9,1433
1.1,0.08,0.1,10,4870
1.1,0.08,0.1,11,349
1.1,0.08,0.1,12,1231
1.1,0.08,0.1,13,10733
1.1,0.08,0.1,14,5892
1.1,0.08,0.1,15,6380
1.1,0.08,0.1,16,2785
1.1,0.08,0.1,17,8413
1.1,0.08,0.1,18,607
1.1,0.08,0.1,19,4388
1.1,0.08,0.1,20,2661
1.1,0.08,0.1,21,479
1.1,0.08,0.1,22,5931
1.1,0.08,0.1,23,2440
1.1,0.08,0.1,24,85
1.1,0.08,0.1,25,6503
0.8,0.01,0.15,1,23
0.8,0.01,0.15,2,19
0.8,0.01,0.15,3,22
0.8,0.01,0.15,4,14
0.8,0.01,0.15,5,16
0.8,0.01,0.15,6,22
0.8,0.01,0.15,7,27
0.8,0.01,0.15,8,26
0.8,0.01,0.15,9,15
0.8,0.01,0.15,10,24
0.8,0.01,0.15,11,44
0.8,0.01,0.15,12,26
0.8,0.01,0.15,13,21
0.8,0.01,0.15,14,25
0.8,0.01,0.15,15,47
0.8,0.01,0.15,16,25
0.8,0.01,0.15,17,42
0.8,0.01,0.15,18,37
0.8,0.01,0.15,19,25
0.8,0.01,0.15,20,35
0.8,0.01,0.15,21,50
0.8,0.01,0.15,22,23
0.8,0.01,0.15,23,57
0.8,0.01,0.15,24,49
0.8,0.01,0.15,25,25
0.8,0.02,0.15,1,34
0.8,0.02,0.15,2,45
0.8,0.02,0.15,3,31
0.8,0.02,0.15,4,15
0.8,0.02,0.15,5,66
0.8,0.02,0.15,6,31
0.8,0.02,0.15,7,18
0.8,0.02,0.15,8,32
0.8,0.02,0.15,9,19
0.8,0.02,0.15,10,22
0.8,0.02,0.15,11,22
0.8,0.02,0.15,12,15
0.8,0.02,0.15,13,21
0.8,0.02,0.15,14,24
0.8,0.02,0.15,15,21
0.8,0.02,0.15,16,62
0.8,0.02,0.15,17,26
0.8,0.02,0.15,18,44
0.8,0.02,0.15,19,32
0.8,0.02,0.15,20,26
0.8,0.02,0.15,21,26
0.8,0.02,0.15,22,18
0.8,0.02,0.15,23,31
0.8,0.02,0.15,24,26
0.8,0.02,0.15,25,40
0.8,0.03,0.15,1,27
0.8,0.03,0.15,2,20
0.8,0.03,0.15,3,32
0.8,0.03,0.15,4,45
0.8,0.03,0.15,5,28
0.8,0.03,0.15,6,18
0.8,0.03,0.15,7,21
0.8,0.03,0.15,8,23
0.8,0.03,0.15,9,27
0.8,0.03,0.15,10,23
0.8,0.03,0.15,11,47
0.8,0.03,0.15,12,52
0.8,0.03,0.15,13,34
0.8,0.03,0.15,14,15
0.8,0.03,0.15,15,42
0.8,0.03,0.15,16,17
0.8,0.03,0.15,17,37
0.8,0.03,0.15,18,33
0.8,0.03,0.15,19,24
0.8,0.03,0.15,20,26
0.8,0.03,0.15,21,19
0.8,0.03,0.15,22,23
0.8,0.03,0.15,23,40
0.8,0.03,0.15,24,14
0.8,0.03,0.15,25,18
0.8,0.04,0.15,1,24
0.8,0.04,0.15,2,57
0.8,0.04,0.15,3,22
0.8,0.04,0.15,4,25
0.8,0.04,0.15,5,19
0.8,0.04,0.15,6,27
0.8,0.04,0.15,7,24
0.8,0.04,0.15,8,35
0.8,0.04,0.15,9,21
0.8,0.04,0.15,10,60
0.8,0.04,0.15,11,30
0.8,0.04,0.15,12,20
0.8,0.04,0.15,13,15
0.8,0.04,0.15,14,50
0.8,0.04,0.15,15,30
0.8,0.04,0.15,16,22
0.8,0.04,0.15,17,20
0.8,0.04,0.15,18,26
0.8,0.04,0.15,19,16
0.8,0.04,0.15,20,21
0.8,0.04,0.15,21,29
0.8,0.04,0.15,22,20
0.8,0.04,0.15,23,46
0.8,0.04,0.15,24,19
0.8,0.04,0.15,25,18
0.8,0.05,0.15,1,33
0.8,0.05,0.15,2,35
0.8,0.05,0.15,3,29
0.8,0.05,0.15,4,24
0.8,0.05,0.15,5,29
0.8,0.05,0.15,6,25
0.8,0.05,0.15,7,21
0.8,0.05,0.15,8,26
0.8,0.05,0.15,9,21
0.8,0.05,0.15,10,34
0.8,0.05,0.15,11,42
0.8,0.05,0.15,12,40
0.8,0.05,0.15,13,21
0.8,0.05,0.15,14,24
0.8,0.05,0.15,15,25
0.8,0.05,0.15,16,29
0.8,0.05,0.15,17,20
0.8,0.05,0.15,18,29
0.8,0.05,0.15,19,28
0.8,0.05,0.15,20,25
0.8,0.05,0.15,21,23
0.8,0.05,0.15,22,33
0.8,0.05,0.15,23,21
0.8,0.05,0.15,24,22
0.8,0.05,0.15,25,30
0.8,0.060000000000000005,0.15,1,17
0.8,0.060000000000000005,0.15,2,24
0.8,0.060000000000000005,0.15,3,42
0.8,0.060000000000000005,0.15,4,17
0.8,0.060000000000000005,0.15,5,27
0.8,0.060000000000000005,0.15,6,20
0.8,0.060000000000000005,0.15,7,17
0.8,0.060000000000000005,0.15,8,25
0.8,0.060000000000000005,0.15,9,28
0.8,0.060000000000000005,0.15,10,31
0.8,0.060000000000000005,0.15,11,27
0.8,0.060000000000000005,0.15,12,21
0.8,0.060000000000000005,0.15,13,30
0.8,0.060000000000000005,0.15,14,14
0.8,0.060000000000000005,0.15,15,61
0.8,0.060000000000000005,0.15,16,34
0.8,0.060000000000000005,0.15,17,17
0.8,0.060000000000000005,0.15,18,17
0.8,0.060000000000000005,0.15,19,23
0.8,0.060000000000000005,0.15,20,20
0.8,0.060000000000000005,0.15,21,23
0.8,0.060000000000000005,0.15,22,26
0.8,0.060000000000000005,0.15,23,19
0.8,0.060000000000000005,0.15,24,25
0.8,0.060000000000000005,0.15,25,20
0.8,0.06999999999999999,0.15,1,49
0.8,0.06999999999999999,0.15,2,18
0.8,0.06999999999999999,0.15,3,58
0.8,0.06999999999999999,0.15,4,44
0.8,0.06999999999999999,0.15,5,40
0.8,0.06999999999999999,0.15,6,39
0.8,0.06999999999999999,0.15,7,42
0.8,0.06999999999999999,0.15,8,17
0.8,0.06999999999999999,0.15,9,23
0.8,0.06999999999999999,0.15,10,26
0.8,0.06999999999999999,0.15,11,21
0.8,0.06999999999999999,0.15,12,34
0.8,0.06999999999999999,0.15,13,10
0.8,0.06999999999999999,0.15,14,18
0.8,0.06999999999999999,0.15,15,17
0.8,0.06999999999999999,0.15,16,23
0.8,0.06999999999999999,0.15,17,21
0.8,0.06999999999999999,0.15,18,14
0.8,0.06999999999999999,0.15,19,22
0.8,0.06999999999999999,0.15,20,26
0.8,0.06999999999999999,0.15,21,17
0.8,0.06999999999999999,0.15,22,31
0.8,0.06999999999999999,0.15,23,24
0.8,0.06999999999999999,0.15,24,34
0.8,0.06999999999999999,0.15,25,27
0.8,0.08,0.15,1,28
0.8,0.08,0.15,2,32
0.8,0.08,0.15,3,17
0.8,0.08,0.15,4,33
0.8,0.08,0.15,5,18
0.8,0.08,0.15,6,18
0.8,0.08,0.15,7,16
0.8,0.08,0.15,8,35
0.8,0.08,0.15,9,41
0.8,0.08,0.15,10,11
0.8,0.08,0.15,11,49
0.8,0.08,0.15,12,31
0.8,0.08,0.15,13,40
0.8,0.08,0.15,14,44
0.8,0.08,0.15,15,44
0.8,0.08,0.15,16,58
0.8,0.08,0.15,17,13
0.8,0.08,0.15,18,32
0.8,0.08,0.15,19,41
0.8,0.08,0.15,20,27
0.8,0.08,0.15,21,17
0.8,0.08,0.15,22,24
0.8,0.08,0.15,23,42
0.8,0.08,0.15,24,32
0.8,0.08,0.15,25,24
0.9,0.01,0.15,1,34
0.9,0.01,0.15,2,38
0.9,0.01,0.15,3,30
0.9,0.01,0.15,4,149
0.9,0.01,0.15,5,39
0.9,0.01,0.15,6,18
0.9,0.01,0.15,7,99
0.9,0.01,0.15,8,28
0.9,0.01,0.15,9,80
0.9,0.01,0.15,10,26
0.9,0.01,0.15,11,43
0.9,0.01,0.15,12,283
0.9,0.01,0.15,13,32
0.9,0.01,0.15,14,49
0.9,0.01,0.15,15,49
0.9,0.01,0.15,16,32
0.9,0.01,0.15,17,29
0.9,0.01,0.15,18,93
0.9,0.01,0.15,19,89
0.9,0.01,0.15,20,32
0.9,0.01,0.15,21,62
0.9,0.01,0.15,22,125
0.9,0.01,0.15,23,206
0.9,0.01,0.15,24,32
0.9,0.01,0.15,25,41
0.9,0.02,0.15,1,49
0.9,0.02,0.15,2,69
0.9,0.02,0.15,3,68
0.9,0.02,0.15,4,134
0.9,0.02,0.15,5,36
0.9,0.02,0.15,6,34
0.9,0.02,0.15,7,40
0.9,0.02,0.15,8,61
0.9,0.02,0.15,9,72
0.9,0.02,0.15,10,29
0.9,0.02,0.15,11,95
0.9,0.02,0.15,12,62
0.9,0.02,0.15,13,51
0.9,0.02,0.15,14,47
0.9,0.02,0.15,15,35
0.9,0.02,0.15,16,369
0.9,0.02,0.15,17,34
0.9,0.02,0.15,18,59
0.9,0.02,0.15,19,49
0.9,0.02,0.15,20,51
0.9,0.02,0.15,21,14
0.9,0.02,0.15,22,177
0.9,0.02,0.15,23,89
0.9,0.02,0.15,24,44
0.9,0.02,0.15,25,89
0.9,0.03,0.15,1,30
0.9,0.03,0.15,2,106
0.9,0.03,0.15,3,34
0.9,0.03,0.15,4,49
0.9,0.03,0.15,5,158
0.9,0.03,0.15,6,52
0.9,0.03,0.15,7,200
0.9,0.03,0.15,8,68
0.9,0.03,0.15,9,74
0.9,0.03,0.15,10,23
0.9,0.03,0.15,11,33
0.9,0.03,0.15,12,29
0.9,0.03,0.15,13,107
0.9,0.03,0.15,14,120
0.9,0.03,0.15,15,83
0.9,0.03,0.15,16,25
0.9,0.03,0.15,17,88
0.9,0.03,0.15,18,36
0.9,0.03,0.15,19,80
0.9,0.03,0.15,20,88
0.9,0.03,0.15,21,57
0.9,0.03,0.15,22,84
0.9,0.03,0.15,23,47
0.9,0.03,0.15,24,65
0.9,0.03,0.15,25,59
0.9,0.04,0.15,1,25
0.9,0.04,0.15,2,65
0.9,0.04,0.15,3,64
0.9,0.04,0.15,4,73
0.9,0.04,0.15,5,22
0.9,0.04,0.15,6,31
0.9,0.04,0.15,7,52
0.9,0.04,0.15,8,91
0.9,0.04,0.15,9,66
0.9,0.04,0.15,10,28
0.9,0.04,0.15,11,73
0.9,0.04,0.15,12,61
0.9,0.04,0.15,13,91
0.9,0.04,0.15,14,42
0.9,0.04,0.15,15,82
0.9,0.04,0.15,16,19
0.9,0.04,0.15,17,45
0.9,0.04,0.15,18,39
0.9,0.04,0.15,19,61
0.9,0.04,0.15,20,22
0.9,0.04,0.15,21,88
0.9,0.04,0.15,22,27
0.9,0.04,0.15,23,97
0.9,0.04,0.15,24,80
0.9,0.04,0.15,25,42
0.9,0.05,0.15,1,52
0.9,0.05,0.15,2,32
0.9,0.05,0.15,3,98
0.9,0.05,0.15,4,32
0.9,0.05,0.15,5,37
0.9,0.05,0.15,6,66
0.9,0.05,0.15,7,24
0.9,0.05,0.15,8,42
0.9,0.05,0.15,9,89
0.9,0.05,0.15,10,39
0.9,0.05,0.15,11,68
0.9,0.05,0.15,12,44
0.9,0.05,0.15,13,74
0.9,0.05,0.15,14,57
0.9,0.05,0.15,15,75
0.9,0.05,0.15,16,81
0.9,0.05,0.15,17,25
0.9,0.05,0.15,18,29
0.9,0.05,0.15,19,64
0.9,0.05,0.15,20,29
0.9,0.05,0.15,21,35
0.9,0.05,0.15,22,43
0.9,0.05,0.15,23,22
0.9,0.05,0.15,24,64
0.9,0.05,0.15,25,29
0.9,0.060000000000000005,0.15,1,39
0.9,0.060000000000000005,0.15,2,29
0.9,0.060000000000000005,0.15,3,21
0.9,0.060000000000000005,0.15,4,23
0.9,0.060000000000000005,0.15,5,58
0.9,0.060000000000000005,0.15,6,39
0.9,0.060000000000000005,0.15,7,22
0.9,0.060000000000000005,0.15,8,36
0.9,0.060000000000000005,0.15,9,92
0.9,0.060000000000000005,0.15,10,36
0.9,0.060000000000000005,0.15,11,151
0.9,0.060000000000000005,0.15,12,63
0.9,0.060000000000000005,0.15,13,51
0.9,0.060000000000000005,0.15,14,80
0.9,0.060000000000000005,0.15,15,30
0.9,0.060000000000000005,0.15,16,60
0.9,0.060000000000000005,0.15,17,45
0.9,0.060000000000000005,0.15,18,47
0.9,0.060000000000000005,0.15,19,36
0.9,0.060000000000000005,0.15,20,78
0.9,0.060000000000000005,0.15,21,92
0.9,0.060000000000000005,0.15,22,41
0.9,0.060000000000000005,0.15,23,77
0.9,0.060000000000000005,0.15,24,41
0.9,0.060000000000000005,0.15,25,57
0.9,0.06999999999999999,0.15,1,26
0.9,0.06999999999999999,0.15,2,24
0.9,0.06999999999999999,0.15,3,27
0.9,0.06999999999999999,0.15,4,41
0.9,0.06999999999999999,0.15,5,27
0.9,0.06999999999999999,0.15,6,57
0.9,0.06999999999999999,0.15,7,16
0.9,0.06999999999999999,0.15,8,46
0.9,0.06999999999999999,0.15,9,31
0.9,0.06999999999999999,0.15,10,22
0.9,0.06999999999999999,0.15,11,49
0.9,0.06999999999999999,0.15,12,39
0.9,0.06999999999999999,0.15,13,47
0.9,0.06999999999999999,0.15,14,17
0.9,0.06999999999999999,0.15,15,53
0.9,0.06999999999999999,0.15,16,35
0.9,0.06999999999999999,0.15,17,50
0.9,0.06999999999999999,0.15,18,34
0.9,0.06999999999999999,0.15,19,25
0.9,0.06999999999999999,0.15,20,38
0.9,0.06999999999999999,0.15,21,29
0.9,0.06999999999999999,0.15,22,51
0.9,0.06999999999999999,0.15,23,46
0.9,0.06999999999999999,0.15,24,80
0.9,0.06999999999999999,0.15,25,93
0.9,0.08,0.15,1,31
0.9,0.08,0.15,2,34
0.9,0.08,0.15,3,68
0.9,0.08,0.15,4,39
0.9,0.08,0.15,5,37
0.9,0.08,0.15,6,31
0.9,0.08,0.15,7,49
0.9,0.08,0.15,8,41
0.9,0.08,0.15,9,52
0.9,0.08,0.15,10,68
0.9,0.08,0.15,11,16
0.9,0.08,0.15,12,64
0.9,0.08,0.15,13,69
0.9,0.08,0.15,14,30
0.9,0.08,0.15,15,55
0.9,0.08,0.15,16,53
0.9,0.08,0.15,17,40
0.9,0.08,0.15,18,40
0.9,0.08,0.15,19,79
0.9,0.08,0.15,20,24
0.9,0.08,0.15,21,41
0.9,0.08,0.15,22,81
0.9,0.08,0.15,23,24
0.9,0.08,0.15,24,61
0.9,0.08,0.15,25,39
1,0.01,0.15,1,3469
1,0.01,0.15,2,5828
1,0.01,0.15,3,7855
1,0.01,0.15,4,26269
1,0.01,0.15,5,642
1,0.01,0.15,6,7905
1,0.01,0.15,7,13009
1,0.01,0.15,8,1318
1,0.01,0.15,9,7695
1,0.01,0.15,10,2153
1,0.01,0.15,11,6719
1,0.01,0.15,12,22920
1,0.01,0.15,13,5309
1,0.01,0.15,14,2185
1,0.01,0.15,15,77267
1,0.01,0.15,16,446
1,0.01,0.15,17,2368
1,0.01,0.15,18,5824
1,0.01,0.15,19,4497
1,0.01,0.15,20,1782
1,0.01,0.15,21,15657
1,0.01,0.15,22,1501
1,0.01,0.15,23,10767
1,0.01,0.15,24,26561
1,0.01,0.15,25,69454
1,0.02,0.15,1,692
1,0.02,0.15,2,3611
1,0.02,0.15,3,1497
1,0.02,0.15,4,67
1,0.02,0.15,5,8335
1,0.02,0.15,6,5962
1,0.02,0.15,7,654
1,0.02,0.15,8,2089
1,0.02,0.15,9,808
1,0.02,0.15,10,2721
1,0.02,0.15,11,2230
1,0.02,0.15,12,373
1,0.02,0.15,13,2391
1,0.02,0.15,14,569
1,0.02,0.15,15,1984
1,0.02,0.15,16,781
1,0.02,0.15,17,823
1,0.02,0.15,18,32
1,0.02,0.15,19,5906
1,0.02,0.15,20,3714
1,0.02,0.15,21,3763
1,0.02,0.15,22,851
1,0.02,0.15,23,222
1,0.02,0.15,24,1262
1,0.02,0.15,25,474
1,0.03,0.15,1,419
1,0.03,0.15,2,1477
1,0.03,0.15,3,111
1,0.03,0.15,4,2263
1,0.03,0.15,5,990
1,0.03,0.15,6,3314
1,0.03,0.15,7,95
1,0.03,0.15,8,686
1,0.03,0.15,9,2918
1,0.03,0.15,10,1591
1,0.03,0.15,11,163
1,0.03,0.15,12,1876
1,0.03,0.15,13,23
1,0.03,0.15,14,3598
1,0.03,0.15,15,692
1,0.03,0.15,16,148
1,0.03,0.15,17,238
1,0.03,0.15,18,151
1,0.03,0.15,19,523
1,0.03,0.15,20,1626
1,0.03,0.15,21,600
1,0.03,0.15,22,57
1,0.03,0.15,23,605
1,0.03,0.15,24,266
1,0.03,0.15,25,229
1,0.04,0.15,1,734
1,0.04,0.15,2,311
1,0.04,0.15,3,188
1,0.04,0.15,4,934
1,0.04,0.15,5,174
1,0.04,0.15,6,308
1,0.04,0.15,7,475
1,0.04,0.15,8,700
1,0.04,0.15,9,236
1,0.04,0.15,10,143
1,0.04,0.15,11,215
1,0.04,0.15,12,290
1,0.04,0.15,13,619
1,0.04,0.15,14,343
1,0.04,0.15,15,218
1,0.04,0.15,16,511
1,0.04,0.15,17,54
1,0.04,0.15,18,510
1,0.04,0.15,19,278
1,0.04,0.15,20,141
1,0.04,0.15,21,571
1,0.04,0.15,22,385
1,0.04,0.15,23,116
1,0.04,0.15,24,782
1,0.04,0.15,25,1438
1,0.05,0.15,1,451
1,0.05,0.15,2,95
1,0.05,0.15,3,457
1,0.05,0.15,4,113
1,0.05,0.15,5,534
1,0.05,0.15,6,115
1,0.05,0.15,7,460
1,0.05,0.15,8,322
1,0.05,0.15,9,783
1,0.05,0.15,10,141
1,0.05,0.15,11,648
1,0.05,0.15,12,1252
1,0.05,0.15,13,58
1,0.05,0.15,14,473
1,0.05,0.15,15,545
1,0.05,0.15,16,51
1,0.05,0.15,17,35
1,0.05,0.15,18,288
1,0.05,0.15,19,389
1,0.05,0.15,20,189
1,0.05,0.15,21,234
1,0.05,0.15,22,215
1,0.05,0.15,23,333
1,0.05,0.15,24,144
1,0.05,0.15,25,237
1,0.060000000000000005,0.15,1,70
1,0.060000000000000005,0.15,2,556
1,0.060000000000000005,0.15,3,485
1,0.060000000000000005,0.15,4,47
1,0.060000000000000005,0.15,5,189
1,0.060000000000000005,0.15,6,459
1,0.060000000000000005,0.15,7,86
1,0.060000000000000005,0.15,8,270
1,0.060000000000000005,0.15,9,32
1,0.060000000000000005,0.15,10,61
1,0.060000000000000005,0.15,11,47
1,0.060000000000000005,0.15,12,357
1,0.060000000000000005,0.15,13,492
1,0.060000000000000005,0.15,14,345
1,0.060000000000000005,0.15,15,38
1,0.060000000000000005,0.15,16,702
1,0.060000000000000005,0.15,17,43
1,0.060000000000000005,0.15,18,698
1,0.060000000000000005,0.15,19,518
1,0.060000000000000005,0.15,20,149
1,0.060000000000000005,0.15,21,62
1,0.060000000000000005,0.15,22,725
1,0.060000000000000005,0.15,23,384
1,0.060000000000000005,0.15,24,32
1,0.060000000000000005,0.15,25,81
1,0.06999999999999999,0.15,1,78
1,0.06999999999999999,0.15,2,183
1,0.06999999999999999,0.15,3,142
1,0.06999999999999999,0.15,4,150
1,0.06999999999999999,0.15,5,139
1,0.06999999999999999,0.15,6,32
1,0.06999999999999999,0.15,7,429
1,0.06999999999999999,0.15,8,209
1,0.06999999999999999,0.15,9,455
1,0.06999999999999999,0.15,10,124
1,0.06999999999999999,0.15,11,289
1,0.06999999999999999,0.15,12,140
1,0.06999999999999999,0.15,13,93
1,0.06999999999999999,0.15,14,153
1,0.06999999999999999,0.15,15,184
1,0.06999999999999999,0.15,16,106
1,0.06999999999999999,0.15,17,158
1,0.06999999999999999,0.15,18,255
1,0.06999999999999999,0.15,19,54
1,0.06999999999999999,0.15,20,183
1,0.06999999999999999,0.15,21,242
1,0.06999999999999999,0.15,22,76
1,0.06999999999999999,0.15,23,297
1,0.06999999999999999,0.15,24,195
1,0.06999999999999999,0.15,25,111
1,0.08,0.15,1,137
1,0.08,0.15,2,218
1,0.08,0.15,3,446
1,0.08,0.15,4,46
1,0.08,0.15,5,207
1,0.08,0.15,6,54
1,0.08,0.15,7,21
1,0.08,0.15,8,70
1,0.08,0.15,9,91
1,0.08,0.15,10,224
1,0.08,0.15,11,341
1,0.08,0.15,12,269
1,0.08,0.15,13,203
1,0.08,0.15,14,85
1,0.08,0.15,15,115
1,0.08,0.15,16,217
1,0.08,0.15,17,170
1,0.08,0.15,18,45
1,0.08,0.15,19,230
1,0.08,0.15,20,1074
1,0.08,0.15,21,61
1,0.08,0.15,22,98
1,0.08,0.15,23,176
1,0.08,0.15,24,371
1,0.08,0.15,25,108
1.1,0.01,0.15,1,33664950
1.1,0.01,0.15,2,96448996
1.1,0.01,0.15,3,45841601
1.1,0.01,0.15,4,100000000
1.1,0.01,0.15,5,73958276
1.1,0.01,0.15,6,80608516
1.1,0.01,0.15,7,100000000
1.1,0.01,0.15,8,27212706
1.1,0.01,0.15,9,100000000
1.1,0.01,0.15,10,53574585
1.1,0.01,0.15,11,100000000
1.1,0.01,0.15,12,74112581
1.1,0.01,0.15,13,100000000
1.1,0.01,0.15,14,47304023
1.1,0.01,0.15,15,100000000
1.1,0.01,0.15,16,81290035
1.1,0.01,0.15,17,44652773
1.1,0.01,0.15,18,11762158
1.1,0.01,0.15,19,3148404
1.1,0.01,0.15,20,1572362
1.1,0.01,0.15,21,100000000
1.1,0.01,0.15,22,100000000
1.1,0.01,0.15,23,28309452
1.1,0.01,0.15,24,69686155
1.1,0.01,0.15,25,27071949
1.1,0.02,0.15,1,3820642
1.1,0.02,0.15,2,14408224
1.1,0.02,0.15,3,5323211
1.1,0.02,0.15,4,15205
1.1,0.02,0.15,5,29046411
1.1,0.02,0.15,6,8834848
1.1,0.02,0.15,7,1247797
1.1,0.02,0.15,8,20097146
1.1,0.02,0.15,9,14906209
1.1,0.02,0.15,10,8208343
1.1,0.02,0.15,11,9612296
1.1,0.02,0.15,12,2235190
1.1,0.02,0.15,13,17279949
1.1,0.02,0.15,14,11980211
1.1,0.02,0.15,15,1413043
1.1,0.02,0.15,16,2974432
1.1,0.02,0.15,17,3609252
1.1,0.02,0.15,18,3649033
1.1,0.02,0.15,19,2478150
1.1,0.02,0.15,20,9397866
1.1,0.02,0.15,21,3493324
1.1,0.02,0.15,22,930761
1.1,0.02,0.15,23,8931141
1.1,0.02,0.15,24,8666385
1.1,0.02,0.15,25,1308829
1.1,0.03,0.15,1,1074975
1.1,0.03,0.15,2,583954
1.1,0.03,0.15,3,1304538
1.1,0.03,0.15,4,1672637
1.1,0.03,0.15,5,3257630
1.1,0.03,0.15,6,491223
1.1,0.03,0.15,7,1446155
1.1,0.03,0.15,8,955672
1.1,0.03,0.15,9,65603
1.1,0.03,0.15,10,2944691
1.1,0.03,0.15,11,279300
1.1,0.03,0.15,12,115138
1.1,0.03,0.15,13,1338810
1.1,0.03,0.15,14,156517
1.1,0.03,0.15,15,323510
1.1,0.03,0.15,16,779950
1.1,0.03,0.15,17,1075532
1.1,0.03,0.15,18,291617
1.1,0.03,0.15,19,1685465
1.1,0.03,0.15,20,1687290
1.1,0.03,0.15,21,4148
1.1,0.03,0.15,22,905704
1.1,0.03,0.15,23,1133157
1.1,0.03,0.15,24,538703
1.1,0.03,0.15,25,3469492
1.1,0.04,0.15,1,834756
1.1,0.04,0.15,2,435278
1.1,0.04,0.15,3,312311
1.1,0.04,0.15,4,180215
1.1,0.04,0.15,5,828348
1.1,0.04,0.15,6,100535
1.1,0.04,0.15,7,47135
1.1,0.04,0.15,8,61552
1.1,0.04,0.15,9,446336
1.1,0.04,0.15,10,173111
1.1,0.04,0.15,11,122780
1.1,0.04,0.15,12,908303
1.1,0.04,0.15,13,347983
1.1,0.04,0.15,14,133241
1.1,0.04,0.15,15,173885
1.1,0.04,0.15,16,215542
1.1,0.04,0.15,17,15047
1.1,0.04,0.15,18,11938
1.1,0.04,0.15,19,359532
1.1,0.04,0.15,20,211143
1.1,0.04,0.15,21,24705
1.1,0.04,0.15,22,224607
1.1,0.04,0.15,23,211533
1.1,0.04,0.15,24,8548
1.1,0.04,0.15,25,264717
1.1,0.05,0.15,1,83451
1.1,0.05,0.15,2,240
1.1,0.05,0.15,3,25048
1.1,0.05,0.15,4,41487
1.1,0.05,0.15,5,4453
1.1,0.05,0.15,6,1872
1.1,0.05,0.15,7,51961
1.1,0.05,0.15,8,27862
1.1,0.05,0.15,9,130010
1.1,0.05,0.15,10,25790
1.1,0.05,0.15,11,105372
1.1,0.05,0.15,12,48554
1.1,0.05,0.15,13,13471
1.1,0.05,0.15,14,281298
1.1,0.05,0.15,15,6223
1.1,0.05,0.15,16,18723
1.1,0.05,0.15,17,270342
1.1,0.05,0.15,18,1987
1.1,0.05,0.15,19,27528
1.1,0.05,0.15,20,84314
1.1,0.05,0.15,21,224490
1.1,0.05,0.15,22,41632
1.1,0.05,0.15,23,31620
1.1,0.05,0.15,24,29718
1.1,0.05,0.15,25,47667
1.1,0.060000000000000005,0.15,1,58903
1.1,0.060000000000000005,0.15,2,12321
1.1,0.060000000000000005,0.15,3,12185
1.1,0.060000000000000005,0.15,4,2440
1.1,0.060000000000000005,0.15,5,28897
1.1,0.060000000000000005,0.15,6,69676
1.1,0.060000000000000005,0.15,7,907
1.1,0.060000000000000005,0.15,8,100784
1.1,0.060000000000000005,0.15,9,37664
1.1,0.060000000000000005,0.15,10,159922
1.1,0.060000000000000005,0.15,11,80003
1.1,0.060000000000000005,0.15,12,124734
1.1,0.060000000000000005,0.15,13,54610
1.1,0.060000000000000005,0.15,14,3020
1.1,0.060000000000000005,0.15,15,34161
1.1,0.060000000000000005,0.15,16,26295
1.1,0.060000000000000005,0.15,17,4092
1.1,0.060000000000000005,0.15,18,126105
1.1,0.060000000000000005,0.15,19,4007
1.1,0.060000000000000005,0.15,20,69554
1.1,0.060000000000000005,0.15,21,62725
1.1,0.060000000000000005,0.15,22,29886
1.1,0.060000000000000005,0.15,23,17
1.1,0.060000000000000005,0.15,24,36573
1.1,0.060000000000000005,0.15,25,303
1.1,0.06999999999999999,0.15,1,3915
1.1,0.06999999999999999,0.15,2,50094
1.1,0.06999999999999999,0.15,3,61001
1.1,0.06999999999999999,0.15,4,18190
1.1,0.06999999999999999,0.15,5,1627
1.1,0.06999999999999999,0.15,6,41903
1.1,0.06999999999999999,0.15,7,5489
1.1,0.06999999999999999,0.15,8,2520
1.1,0.06999999999999999,0.15,9,12043
1.1,0.06999999999999999,0.15,10,4088
1.1,0.06999999999999999,0.15,11,24955
1.1,0.06999999999999999,0.15,12,652
1.1,0.06999999999999999,0.15,13,17731
1.1,0.06999999999999999,0.15,14,3752
1.1,0.06999999999999999,0.15,15,35966
1.1,0.06999999999999999,0.15,16,14641
1.1,0.06999999999999999,0.15,17,43961
1.1,0.06999999999999999,0.15,18,33152
1.1,0.06999999999999999,0.15,19,21449
1.1,0.06999999999999999,0.15,20,18263
1.1,0.06999999999999999,0.15,21,2735
1.1,0.06999999999999999,0.15,22,5546
1.1,0.06999999999999999,0.15,23,13415
1.1,0.06999999999999999,0.15,24,9027
1.1,0.06999999999999999,0.15,25,1698
1.1,0.08,0.15,1,4877
1.1,0.08,0.15,2,29825
1.1,0.08,0.15,3,5686
1.1,0.08,0.15,4,7299
1.1,0.08,0.15,5,14784
1.1,0.08,0.15,6,591
1.1,0.08,0.15,7,4491
1.1,0.08,0.15,8,707
1.1,0.08,0.15,9,352
1.1,0.08,0.15,10,827
1.1,0.08,0.15,11,9749
1.1,0.08,0.15,12,868
1.1,0.08,0.15,13,3113
1.1,0.08,0.15,14,8459
1.1,0.08,0.15,15,3023
1.1,0.08,0.15,16,6606
1.1,0.08,0.15,17,404
1.1,0.08,0.15,18,23044
1.1,0.08,0.15,19,34153
1.1,0.08,0.15,20,4995
1.1,0.08,0.15,21,36578
1.1,0.08,0.15,22,9714
1.1,0.08,0.15,23,20789
1.1,0.08,0.15,24,11140
1.1,0.08,0.15,25,21968
